title	action	edition_url	edit_url	remaining_audit_flags	cover_file	author	narrator	subtitle	publisher	published_date	language	duration_seconds	asin	isbn	started_at	finished_at	preserved_hardcover_start	preserved_hardcover_finish	note
The Jewel and Her Lapidary	corrected audiobook format	https://hardcover.app/books/the-jewel-and-her-lapidary/editions/32342893	https://hardcover.app/editions/32342893/edit		output/2026-09-11/hardcover-audit/read-repairs/covers/the-jewel-and-her-lapidary-4afbdaab.jpg	Fran Wilde	Mahvesh Murad		Macmillan Audio	2016-05-24	english	6496	B01FG740UC	9781427273901	2025-03-29	2025-03-29			
Overgrowth	existing audiobook	https://hardcover.app/books/overgrowth/editions/32122710	https://hardcover.app/editions/32122710/edit	ISBN missing; duration needs update: 62845	output/2026-09-11/hardcover-audit/read-repairs/covers/overgrowth-02d0ca5d.jpg	Mira Grant	Caitlin Kelly		Macmillan Audio	2025-05-06	english	62845	B0DFR282FJ	9781250401748	2025-05-10	2025-05-11			isbn_10 '1250401747' is already in use by another edition
Ruinsong	created audiobook	https://hardcover.app/books/ruinsong/editions/33299925	https://hardcover.app/editions/33299925/edit		output/2026-09-11/hardcover-audit/read-repairs/covers/ruinsong-f4d4a834.jpg	Julia Ember	Lauren Ezzo		Dreamscape Media, LLC	2020-11-24	english	30709	166205047X	9781666544305	2025-05-11	2025-05-12			
Don't Let the Forest In	existing audiobook	https://hardcover.app/books/dont-let-the-forest-in/editions/31710130	https://hardcover.app/editions/31710130/edit	ASIN needs update: B0D9WL1F4T; author missing: C.G. Drews	output/2026-09-11/hardcover-audit/read-repairs/covers/don-t-let-the-forest-in-fdd7d4c3.jpg	C.G. Drews	Michael Crouch		Recorded Books		English	30217	B0D9WL1F4T		2025-05-12	2025-05-13			
Hell's Wardens	existing audiobook	https://hardcover.app/books/hells-wardens/editions/31643085	https://hardcover.app/editions/31643085/edit	subtitle needs update: The Wandering Inn, Book 14; ASIN needs update: B0DCCZ5MG2; duration needs update: 95550	output/2026-09-11/hardcover-audit/read-repairs/covers/hell-s-wardens-0f8e829d.jpg	pirateaba	Andrea Parsneau	The Wandering Inn, Book 14	Podium Audio	2024-11-12	english	95550	B0DCCZ5MG2	9781039448254	2025-05-19	2025-05-19			
The Churn	existing audiobook	https://hardcover.app/books/the-churn/editions/31892495	https://hardcover.app/editions/31892495/edit	duration needs update: 8291; publication date needs update: 2021-12-28; cover missing	output/2026-09-11/hardcover-audit/read-repairs/covers/the-churn-an-expanse-novella-46c95671.jpg	James S. A. Corey	Jefferson Mays		Orbit	2021-12-28	english	8291	B09JB2RSL3	9781549165658	2025-05-19	2025-05-19			
Gods of Risk	corrected audiobook format	https://hardcover.app/books/gods-of-risk/editions/31545537	https://hardcover.app/editions/31545537/edit	subtitle needs update: An Expanse Novella; cover missing	output/2026-09-11/hardcover-audit/read-repairs/covers/gods-of-risk-3f891f62.jpg	James S. A. Corey	Jefferson Mays	An Expanse Novella	Orbit	2021-12-28	english	8411	B09JB97WRH	9781549165627	2025-05-19	2025-05-19			
Leviathan Falls	existing audiobook	https://hardcover.app/books/leviathan-falls/editions/32062744	https://hardcover.app/editions/32062744/edit	subtitle needs update: Expanse, Book 9; ISBN missing; duration needs update: 70808	output/2026-09-11/hardcover-audit/read-repairs/covers/leviathan-falls-29008df8.jpg	James S. A. Corey	Jefferson Mays	Expanse, Book 9	Recorded Books	2021-11-30	english	70808	1980035962	9781980035961	2025-05-19	2025-05-19		2025-12-16	Original export already Read; original identifier match pointed to an unrelated A.G. Riddle book. Corrected to James S. A. Corey book 463439.
Soul Taken	existing audiobook	https://hardcover.app/books/soul-taken/editions/32383597	https://hardcover.app/editions/32383597/edit	subtitle needs update: A Mercy Thompson Novel, Book 13; ISBN needs update: 9780593553671; publisher needs update: Penguin Audio	output/2026-09-11/hardcover-audit/read-repairs/covers/soul-taken-8131b06c.jpg	Patricia Briggs	Lorelei King	A Mercy Thompson Novel, Book 13	Penguin Audio	2022-08-23	english	38041	0593553675	9780593553671	2025-05-19	2025-05-19			
American Demon	existing audiobook	https://hardcover.app/books/american-demon/editions/31951643	https://hardcover.app/editions/31951643/edit	ASIN needs update: 0593214137; duration needs update: 68029	output/2026-09-11/hardcover-audit/read-repairs/covers/american-demon-97e69e63.jpg	Kim Harrison	Marguerite Gavin		Penguin Audio	2020-06-16	english	68029	0593214137	9780593214138	2025-05-22	2025-05-22			
A Damsel and a Demigod	existing audiobook	https://hardcover.app/books/a-damsel-and-a-demigod/editions/32306589	https://hardcover.app/editions/32306589/edit	subtitle needs update: The Guild Codex: Spellbound Series; ASIN needs update: 1705250521; duration needs update: 8969; publisher needs update: Tantor Media	output/2026-09-11/hardcover-audit/read-repairs/covers/a-damsel-and-a-demigod-60def3e0.jpg	Annette Marie	Nelson Hobbs	The Guild Codex: Spellbound Series	Tantor Media	2020-10-13	english	8969	1705250521	9781705250525	2025-05-22	2025-05-22			
Randomize	existing audiobook	https://hardcover.app/books/randomize-2019/editions/31811159	https://hardcover.app/editions/31811159/edit	subtitle needs update: Forward collection; duration needs update: 3029	output/2026-09-11/hardcover-audit/read-repairs/covers/randomize-5e7dce36.jpg	Andy Weir	Janina Gavankar	Forward collection	Amazon Original Stories	2019-09-17	english	3029	1978650817	9781978650817	2025-05-22	2025-05-22			
The Forgetting Moon	created audiobook	https://hardcover.app/books/the-forgetting-moon/editions/33299926	https://hardcover.app/editions/33299926/edit	cover missing	output/2026-09-11/hardcover-audit/read-repairs/covers/the-forgetting-moon-b24267f7.jpg	Brian Lee Durfee	Tim Gerard Reynolds		Recorded Books	2019-01-30	english	110687	1980029768	9781980029762	2025-05-22	2025-05-22			
Uncanny Collateral	created audiobook	https://hardcover.app/books/uncanny-collateral/editions/33299927	https://hardcover.app/editions/33299927/edit	subtitle needs update: Valkyrie Collections, Book 1; cover missing	output/2026-09-11/hardcover-audit/read-repairs/covers/uncanny-collateral-046ba269.jpg	Brian McClellan	Luke Daniels	Valkyrie Collections, Book 1	Brian McClellan	2019-04-02	english	18636	B07PXN7N1T		2025-05-22	2025-05-22			
Raven Stratagem	existing audiobook	https://hardcover.app/books/raven-stratagem/editions/31960281	https://hardcover.app/editions/31960281/edit	subtitle needs update: Machineries of Empire, Book 2; ISBN needs update: 9781501955884; duration needs update: 49152; publication date needs update: 2017-06-13	output/2026-09-11/hardcover-audit/read-repairs/covers/raven-stratagem-471b71de.jpg	Yoon Ha Lee	Emily Woo Zeller	Machineries of Empire, Book 2	Recorded Books	2017-06-13	english	49152	B072JV8KMX	9781501955884	2025-05-25	2025-05-25			
Revenant Gun	existing audiobook	https://hardcover.app/books/revenant-gun/editions/32419860	https://hardcover.app/editions/32419860/edit	subtitle needs update: Machineries of Empire, Book 3; ISBN needs update: 9781980002468; duration needs update: 51867	output/2026-09-11/hardcover-audit/read-repairs/covers/revenant-gun-c74462ba.jpg	Yoon Ha Lee	Emily Woo Zeller	Machineries of Empire, Book 3	Recorded Books	2018-06-12	english	51867	B07DLGK6LR	9781980002468	2025-05-25	2025-05-25			
Hexarchate Stories	existing audiobook	https://hardcover.app/books/hexarchate-stories/editions/32398980	https://hardcover.app/editions/32398980/edit	ASIN needs update: 198000661X; ISBN needs update: 9781980006619; duration needs update: 36737	output/2026-09-11/hardcover-audit/read-repairs/covers/hexarchate-stories-7a1fc8e6.jpg	Yoon Ha Lee	Emily Woo Zeller, Brian Nishii		Recorded Books	2019-06-25	english	36737	198000661X	9781980006619	2025-05-25	2025-05-25			
Alpha and Omega	existing audiobook	https://hardcover.app/books/alpha-and-omega-2007/editions/31020290	https://hardcover.app/editions/31020290/edit	subtitle needs update: A Companion Novella to Cry Wolf; duration needs update: 8713; publication date needs update: 2013-02-05	output/2026-09-11/hardcover-audit/read-repairs/covers/alpha-and-omega-de55d10a.jpg	Patricia Briggs	Holter Graham	A Companion Novella to Cry Wolf	Penguin Audio	2013-02-05	english	8713	B00B0Z8HCW	9781101627334	2025-06-27	2025-06-27			
The Masquerades of Spring	corrected audiobook format	https://hardcover.app/books/the-masquerades-of-spring/editions/32774454	https://hardcover.app/editions/32774454/edit	subtitle needs update: Rivers of London, Book 4; cover missing	output/2026-09-11/hardcover-audit/read-repairs/covers/the-masquerades-of-spring-6ed9e2da.jpg	Ben Aaronovitch	Kobna Holdbrook-Smith	Rivers of London, Book 4	Tantor Media	2024-08-27	english	16148	B0DF84PR9C	9781541489868	2025-06-28	2025-06-28			
Kraken	existing audiobook	https://hardcover.app/books/kraken/editions/31094917	https://hardcover.app/editions/31094917/edit	duration needs update: 58231; author missing: China Mieville	output/2026-09-11/hardcover-audit/read-repairs/covers/kraken-de336f1f.jpg	China Mieville	John Lee		Random House Audio		English	58231	B003TPS0ZU		2025-07-22	2025-07-22			
My Darling Dreadful Thing	existing audiobook	https://hardcover.app/books/my-darling-dreadful-thing/editions/31927403	https://hardcover.app/editions/31927403/edit	subtitle needs update: A Novel; ASIN needs update: B0D6NKHWY2; ISBN missing; duration needs update: 35905; publisher needs update: Tantor Media	output/2026-09-11/hardcover-audit/read-repairs/covers/my-darling-dreadful-thing-ae3315c1.jpg	Johanna van Veen	Jess Nesling	A Novel	Tantor Media	2024-06-25	english	35905	B0D6NKHWY2	9798765083529	2025-10-18	2025-10-18			isbn_13 '9798765083529' is already in use by another edition
House of Monstrous Women	existing audiobook	https://hardcover.app/books/house-of-monstrous-women/editions/32584112	https://hardcover.app/editions/32584112/edit	ISBN missing; duration needs update: 41852; cover missing	output/2026-09-11/hardcover-audit/read-repairs/covers/house-of-monstrous-women-7b7e5145.jpg	Daphne Fama	Jensen Olaya		Penguin Audio	2025-08-12	english	41852	B0DNLK64NY	9798217074853	2025-11-15	2025-11-15			isbn_13 '9798217074853' is already in use by another edition
The Woods All Black	created audiobook	https://hardcover.app/books/the-woods-all-black/editions/33299928	https://hardcover.app/editions/33299928/edit		output/2026-09-11/hardcover-audit/read-repairs/covers/the-woods-all-black-edeaeb67.jpg	Lee Mandelo	Charli Burrow		Tantor Media	2025-01-28	english	16541	B0DT2DBKZT	9798855574289	2026-01-23	2026-01-23			
Dead Silence	existing audiobook	https://hardcover.app/books/dead-silence-2022/editions/31545944	https://hardcover.app/editions/31545944/edit	ISBN missing; duration needs update: 47317	output/2026-09-11/hardcover-audit/read-repairs/covers/dead-silence-e7eafa57.jpg	S.A. Barnes	Lauren Ezzo		Macmillan Audio	2022-02-08	english	47317	1250841348	9781250841346	2026-09-09	2026-09-10	2026-09-09	2026-09-10	isbn_10 '1250841348' is already in use by another edition
