title	author	isbn	asin	abs_id	started_at	finished_at	subtitle	narrator	publisher	published_date	published_year	language	duration_seconds	series_name	cover_path	action	confidence	evidence	hardcover_url	book_id	edition_id	alternatives	cover_needed	hardcover_duration_seconds	hardcover_language	error
A Practical Guide to Evil I	David Verburg	9798349103513	B0FG4LG58Q	df54860d-ac68-48a6-b0ed-0116aa6ac43f	2026-05-18	2026-05-20	A Practical Guide to Evil, Book 1	Amber Dekkers	Dreamscape Lore		2025	English	50236	A Practical Guide to Evil #1	/mnt/audiobooks/David Verburg/A Practical Guide to Evil/A Practical Guide to Evil I/cover.jpg	use_existing_audiobook	medium	sole audiobook duration is within 16 seconds of ABS	https://hardcover.app/books/a-practical-guide-to-evil-i/editions/32217542	2072287	32217542			50220	English	
Calla Falling	Tallie Rose		B0CBCXQG2T	60b11d63-9dce-4c40-a8f0-06ecbde42d2f	2026-05-20	2026-05-21		Rebecca Avery	Tallie Rose		2023	English	23524		/mnt/audiobooks/Tallie Rose/Calla Falling/cover.jpg	create_audiobook_edition	high	matched Hardcover book has no audiobook edition	https://hardcover.app/books/calla-falling/editions	1190863			True			
Hell's Heart	Alexis Hall	9781250411624	B0F9LSXTBV	e2b0e36e-8d9f-443a-abdc-a1f9ac94fb0c	2026-05-21	2026-05-23		Charli Anne Delores	Macmillan Audio		2026	English	51516		/mnt/audiobooks/Alexis Hall/Hell's Heart/cover.jpg	create_audiobook_edition	high	matched Hardcover book has no audiobook edition	https://hardcover.app/books/hells-heart-2026/editions	1925307			True			
Sweetbitter Song	Rosie Hewlett	9798899745898	B0GD2CZZZH	de61a798-81d1-40d1-9c6a-33cffd3ad758	2026-05-23	2026-05-25	A Novel	Lizzie Wofford	Recorded Books		2026	English	64045		/mnt/audiobooks/Rosie Hewlett/Sweetbitter Song/cover.jpg	create_audiobook_edition	high	matched Hardcover book has no audiobook edition	https://hardcover.app/books/sweetbitter-song/editions	2235750			True			
The Original	Nell Stevens	9798228487291	B0F1Z3P3XS	2d098a6e-957a-4020-b0c9-7c842219a063	2026-05-12	2026-05-27	A Novel	Kristin Atherton, Matthew Spencer	Blackstone Publishing		2025	English	36433		/mnt/audiobooks/Nell Stevens/The Original/cover.jpg	create_audiobook_edition	high	matched Hardcover book has no audiobook edition	https://hardcover.app/books/the-original-2025/editions	1775722			True			
The Duke	Anna Cowan	9781250415882	B0F3KYTZ58	617922f8-07e9-435b-8ef4-8fb1e244b71d	2026-05-27	2026-05-27	A Novel	Hannah Bristow	Macmillan Audio		2026	English	43731		/metadata/items/617922f8-07e9-435b-8ef4-8fb1e244b71d/cover.jpg	create_audiobook_edition	high	matched Hardcover book has no audiobook edition	https://hardcover.app/books/the-duke-2026/editions	2168402			True			
Dead Weight	Hildur Knútsdóttir, Mary Robinette Kowal - translator	9781250446978	B0FML8D6TY	71222786-e172-4366-97e6-f6bb10839bf9	2026-05-27	2026-05-28		Mary Robinette Kowal	Macmillan Audio		2026	English	11481		/metadata/items/71222786-e172-4366-97e6-f6bb10839bf9/cover.jpg	use_existing_audiobook	medium	sole audiobook duration is within 7 seconds of ABS	https://hardcover.app/books/dead-weight-2026/editions/33230051	2084634	33230051			11474		
Funeral Song	Carly Racklin	9781639512607	B0GYZLS1FX	60ff3888-353a-4ba6-a863-1a4c77691025	2026-05-28	2026-05-29		Rosie Cusack	Dead Sky Publishing		2026	English	13693		/mnt/audiobooks/Carly Racklin/Funeral Song/cover.jpg	create_audiobook_edition	high	matched Hardcover book has no audiobook edition	https://hardcover.app/books/funeral-song-2026/editions	2189828			True			
Homebound	Portia Elan	9781668138922	B0FVYL9B7N	6d83b88f-bc78-448e-a1c2-0b5d1fce446c	2026-05-29	2026-06-01	A Novel	Lisa Flanagan, Helen Laser, Yu-Li Alice Shen, Nancy Wu	Simon & Schuster Audio		2026	English	35737		/mnt/audiobooks/Portia Elan/Homebound/cover.jpg	use_existing_audiobook	high	matched audiobook edition by ABS ISBN/ASIN	https://hardcover.app/books/homebound-2026/editions/32886468	2187680	32886468			35700	English	
Audition for the Fox	Martin Cahill	9798899732768	B0FG8FFHP9	374262ab-9bda-44f4-a064-ed9c0bd0ee5e	2026-06-01	2026-06-03		Martin Cahill	Recorded Books		2025	English	15759		/mnt/audiobooks/Martin Cahill/Audition for the Fox/cover.jpg	use_existing_audiobook	high	matched audiobook edition by ABS ISBN/ASIN	https://hardcover.app/books/audition-for-the-fox/editions/32377634	2024879	32377634			15720	English	
Learning Curves	Rachel Lacey	9781511353731	B0F39X9TFV	cb075693-dadc-4048-810d-0f42f91571c3	2026-06-03	2026-06-04		Quinn Riley	Brilliance Audio		2025	English	39501		/mnt/audiobooks/Rachel Lacey/Learning Curves/cover.jpg	use_existing_audiobook	medium	sole audiobook duration is within 21 seconds of ABS	https://hardcover.app/books/learning-curves-2025/editions/32726001	1958349	32726001			39480	English	
Magical Girl Mechanical Heart: Volume 1	Natalie Maher		B0FRPX15HB	de809309-a74b-48d3-a3cf-6c8a8388d6de	2026-06-04	2026-06-07		Marissa Parness	Royal Guard Publishing LLC		2025	English	87998	Magical Girl Mechanical Heart #1	/mnt/audiobooks/Natalie Maher/Magical Girl Mechanical Heart/Magical Girl Mechanical Heart - Volume 1/cover.jpg	create_audiobook_edition	high	matched Hardcover book has no audiobook edition	https://hardcover.app/books/magical-girl-mechanical-heart/editions	1947394			True			
Maybe Tomorrow I'll Know	Alex Ritany	9798349163609	B0GPFK6TXZ	2433e125-44a5-40be-a466-f7fc03e4378a	2026-06-07	2026-06-08	A Novel	Charli Anne Delores	Dreamscape Media		2026	English	35335		/mnt/audiobooks/Alex Ritany/Maybe Tomorrow I'll Know/cover.jpg	create_audiobook_edition	high	matched Hardcover book has no audiobook edition	https://hardcover.app/books/maybe-tomorrow-ill-know/editions	2191210			True			
Save Scumming, Book 1	RavensDagger		B0H1S7PGKV	1c00fe7e-e48e-4974-871f-ff137d472b45	2026-06-09	2026-06-09		Annie Ellicott, Justin Thomas James, Laurie Catherine Winkel, Gary Furlong, Dorrie Sacks, Ryan H. Reid, Jeff Hays	Soundbooth Theater		2026	English	59986	Save Scumming #1	/metadata/items/1c00fe7e-e48e-4974-871f-ff137d472b45/cover.jpg	use_existing_audiobook	high	matched audiobook edition by ABS ISBN/ASIN	https://hardcover.app/books/save-scumming/editions/32960630	2653569	32960630			59940	English	
Couriers Outbound	Pirateaba	9798895391365	B0GNTGPLSN	90a260a5-bf08-4f14-a6f7-28da06bfcf30	2026-06-09	2026-06-13	The Wandering Inn, Book 19	Erin Bennett	Podium Audio		2026	English	152555	The Wandering Inn #19	/metadata/items/90a260a5-bf08-4f14-a6f7-28da06bfcf30/cover.jpg	use_existing_audiobook	medium	sole audiobook duration is within 9 seconds of ABS	https://hardcover.app/books/couriers-outbound/editions/33002678	2513601	33002678		True	152546		
Bone of My Bone	Johanna van Veen	9798331906641	B0GZ4Y7NPH	0965edc3-b20f-4939-9cb3-9e9eedd8ff47	2026-06-13	2026-06-13		Amy Noble	Tantor Media		2026	English	40100		/metadata/items/0965edc3-b20f-4939-9cb3-9e9eedd8ff47/cover.jpg	use_existing_audiobook	high	matched audiobook edition by ABS ISBN/ASIN	https://hardcover.app/books/bone-of-my-bone/editions/32984241	2182420	32984241			40090	English	
Inkpot Gods	Seanan McGuire		B0GVTNNDFJ	d5734ed0-ec7a-4edb-b09b-95355515fe73	2026-06-13	2026-06-15	Alchemical Journeys, Book 4	Amber Benson	Audible Studios		2026	English	52864	Alchemical Journeys #4	/metadata/items/d5734ed0-ec7a-4edb-b09b-95355515fe73/cover.jpg	create_audiobook_edition	high	matched Hardcover book has no audiobook edition	https://hardcover.app/books/inkpot-gods/editions	2235779			True			
Body Count	Codie Crowley	9798891781764	B0GQCVY3H5	ef155097-0eb1-49df-80ef-61ba744f585e	2026-06-15	2026-06-17		Krystal Hammond	Recorded Books		2026	English	34969		/mnt/audiobooks/Codie Crowley/Body Count/cover.jpg	create_audiobook_edition	high	matched Hardcover book has no audiobook edition	https://hardcover.app/books/body-count-2026/editions	2189748			True			
They Bloom at Night	Trang Thanh Tran	9781547615995	B0DWXZX1D6	e1b2390d-e418-458d-9467-a38297a4dedd	2026-06-18	2026-06-21		Nhi Do	Bloomsbury YA		2025	English	27495		/mnt/audiobooks/Trang Thanh Tran/They Bloom at Night/cover.jpg	use_existing_audiobook	medium	sole audiobook duration is within 15 seconds of ABS	https://hardcover.app/books/they-bloom-at-night/editions/32423225	1203186	32423225		True	27480		
Bunny Girl Evolution 1	Sir Bedivere the Mad		B0FDBJG31C	c4c62579-a46c-4412-aa22-51a9bc29eaf0	2026-06-21	2026-06-22	A Monster Evolution LitRPG	Dorrie Sacks, Justin Thomas James, Ryan H. Reid, Jeff Hays, Andrea Parsneau, Tess Irondale	Soundbooth Theater		2025	English	66741	Bunny Girl Evolution #1	/mnt/audiobooks/Sir Bedivere the Mad/Bunny Girl Evolution/Bunny Girl Evolution/cover.jpg	use_existing_audiobook	medium	sole audiobook duration is within 21 seconds of ABS	https://hardcover.app/books/bunny-girl-evolution-1/editions/32104254	1947381	32104254			66720	English	
Bunny Girl Evolution 2	Sir Bedivere the Mad		B0GSXD1GNC	54222ee1-ad28-4cd1-af3f-f36d252b6b20	2026-06-22	2026-06-23	A Monster Evolution LitRPG	Dorrie Sacks, Justin Thomas James, Ryan H. Reid, Jeff Hays, Jack Fields, Tess Irondale, Jessica Threet	Soundbooth Theater		2026	English	62889	Bunny Girl Evolution #2	/mnt/audiobooks/Sir Bedivere the Mad/Bunny Girl Evolution/Bunny Girl Evolution 2/cover.jpg	create_audiobook_edition	high	matched Hardcover book has no audiobook edition	https://hardcover.app/books/bunny-girl-evolution-2/editions	2080830			True			
Magical Girl Mechanical Heart, Volume 2	Natalie Maher		B0H4HRT1CB	e588ec41-6229-4fcb-a551-24a2eb92ef1d	2026-06-23	2026-06-24		Marissa Parness	Royal Guard Publishing LLC		2026	English	77337	Magical Girl Mechanical Heart #2	/mnt/audiobooks/Natalie Maher/Magical Girl Mechanical Heart/Magical Girl Mechanical Heart, Volume 2/cover.jpg	create_audiobook_edition	high	matched Hardcover book has no audiobook edition	https://hardcover.app/books/magical-girl-mechanical-heart-volume-2-volume-2/editions	2811672			True			
The Primal Hunter 14	Zogarth		B0H1NGTHHS	830cab79-875a-412d-9d02-9c92f7534566	2026-06-24	2026-06-25	A LitRPG Adventure	Travis Baldree	Aethon Audio		2026	English	67129	The Primal Hunter #14	/mnt/audiobooks/Zogarth/The Primal Hunter/The Primal Hunter 14/cover.jpg	use_existing_audiobook	medium	sole audiobook duration is within 49 seconds of ABS	https://hardcover.app/books/the-primal-hunter-14/editions/33000889	1975380	33000889			67080	English	
Hench	Natalie Zina Walschots	9780062978608	0062978608	6bd09adb-3eb8-4d56-9e2e-be48614792de	2026-06-25	2026-06-26	A Novel	Alex McKenna	William Morrow		2020	English	51304	Hench Series #1	/mnt/audiobooks/Natalie Zina Walschots/Hench/cover.jpg	use_existing_audiobook	high	matched audiobook edition by ABS ISBN/ASIN	https://hardcover.app/books/hench/editions/31969631	433504	31969631			51240	English	
Villain	Natalie Zina Walschots	9780063236967	B0CRS22TND	eaf8036c-8cc3-4aae-a1ea-d62eca3b64c5	2026-06-26	2026-06-27	A Novel	Alex McKenna	William Morrow		2026	English	67302	Hench Series #2	/mnt/audiobooks/Natalie Zina Walschots/Hench Series/Villain/cover.jpg	create_audiobook_edition	high	matched Hardcover book has no audiobook edition	https://hardcover.app/books/villain-2026/editions	972070			True			
Vainglory 3	Plum Parrot		B0H3W2X65R	6b57f91d-2d2a-4754-8d82-4aba271d55e2	2026-06-27	2026-06-28	A LitRPG Adventure	Robb Moreira	Aethon Audio		2026	English	55595	Vainglory #3	/mnt/audiobooks/Plum Parrot/Vainglory/Vainglory 3/cover.jpg	create_audiobook_edition	high	matched Hardcover book has no audiobook edition	https://hardcover.app/books/vainglory-3-a-litrpg-adventure/editions	2489777			True			
Darksight Dare	Lois McMaster Bujold	9798228994164	B0GZHYFMWL	3fa76639-b2c6-4e8a-8cb0-8df0e8ef13b6	2026-06-28	2026-06-28	A Penric & Desdemona Novella	Grover Gardner	Blackstone Publishing		2026	English	19445	The Penric & Desdemona Series #16	/mnt/audiobooks/Lois McMaster Bujold/The Penric & Desdemona Series/Darksight Dare/cover.jpg	create_audiobook_edition	high	matched Hardcover book has no audiobook edition	https://hardcover.app/books/darksight-dare/editions	2525047			True			
Cinnamon Bun Volume 7: A Wholesome LitRPG	RavensDagger	9781039487239	B0FHL4HQBR	f6445964-bab6-40fe-aa10-1484b7b242c2	2026-06-28	2026-06-29	Cinnamon Bun, Book 7	Reba Buhr	Podium Audio		2026	English	43673	Cinnamon Bun #7	/mnt/audiobooks/RavensDagger/Cinnamon Bun/Cinnamon Bun Volume 7/cover.jpg	use_existing_audiobook	high	matched audiobook edition by ABS ISBN/ASIN	https://hardcover.app/books/cinnamon-bun-volume-7/editions/32251120	2065586	32251120			43620	English	
The Girl Who Bit Me	Valerie Hunter		B0H4HQT8RN	81f50651-e612-4362-9407-9a7dca86c13a	2026-06-29	2026-06-30	A Sapphic Vampire Romance	Erin Bateman	Royal Guard Publishing LLC		2026	English	49481	The Girl Who Bit Me #1	/mnt/audiobooks/Valerie Hunter/The Girl Who Bit Me/The Girl Who Bit Me/cover.jpg	create_audiobook_edition	high	matched Hardcover book has no audiobook edition	https://hardcover.app/books/the-girl-who-bit-me/editions	2403126			True			
Goddess Alchemy	Rain Harlow		B0GD8VLV5P	6795df4c-63b2-43e4-9a42-782b8238ac58	2026-07-01	2026-07-03	The Mirror World Progression Saga, Book 6	Giancarlo Herrera, Hannah Schooner	Royal Guard Publishing LLC		2025	English	57876	Mirror World Progression Saga #6	/mnt/audiobooks/Rain Harlow/Mirror World Progression Saga/Goddess Alchemy/cover.jpg	create_book_and_audiobook_edition	high	no matching Hardcover book					True			
Andy in the Apocalypse	Plum Parrot		B0GLQTDFKK	3267aaef-8530-4a26-a90f-8c8b0339cd0d	2026-07-03	2026-07-04	A LitRPG Adventure	J.S. Arquin	Aethon Audio		2026	English	62839	Andy in the Apocalypse #1	/mnt/audiobooks/Plum Parrot/Andy in the Apocalypse/Andy in the Apocalypse/cover.jpg	use_existing_audiobook	medium	sole audiobook duration is within 19 seconds of ABS	https://hardcover.app/books/andy-in-the-apocalypse/editions/32956134	2608504	32956134		True	62820		
Welcome to the Blast	Plum Parrot	9798347014200	B0G1D3NZLJ	7805c67a-5578-4000-a78a-878d54658094	2026-07-04	2026-07-05	Neon Dust, Book 1	Suzy Jackson, Robb Moreira	Podium Audio		2026	English	64023	Neon Dust #1	/mnt/audiobooks/Plum Parrot/Neon Dust/Welcome to the Blast/cover.jpg	create_audiobook_edition	high	matched Hardcover book has no audiobook edition	https://hardcover.app/books/welcome-to-the-blast/editions	2811894			True			
Heroics 101: A Superhero Slice-of-Life LitRPG	Aest Belequa		B0D3264W7N	d6f29dde-20be-4d1e-8baa-dc6355c70131	2026-07-05	2026-07-07	Magical Girl Undergrad, Book 1	Hollie Jackson	Podium Audio		2024	English	72929	Magical Girl Undergrad #1	/mnt/audiobooks/Aest Belequa/Magical Girl Undergrad/Heroics 101 - A Superhero Slice-of-Life LitRPG/cover.jpg	create_audiobook_edition	high	matched Hardcover book has no audiobook edition	https://hardcover.app/books/heroics-101-2024/editions	2383942			True			
Dressed to Kill: A Monster Seamstress LitRPG	Crown Fall	9781039437357	B0CR6NPFT2	cddc41f3-e458-4b04-934c-089bd1d8e0e4	2026-07-07	2026-07-08	Dressed to Kill, Book 1	Andrea Parsneau	Podium Audio		2024	English	36699	Dressed to Kill #1	/mnt/audiobooks/Crown Fall/Dressed to Kill/Dressed to Kill/cover.jpg	use_existing_audiobook	high	matched audiobook edition by ABS ISBN/ASIN	https://hardcover.app/books/dressed-to-kill-a-monster-seamstress-litrpg/editions/33202786	1459802	33202786			36660	English	
Andy in the Apocalypse 2	Plum Parrot		B0H5RH8CML	d4cfd15e-27ea-4247-95e6-96633c7d57c5	2026-07-08	2026-07-10	A LitRPG Adventure	J.S. Arquin	Aethon Audio		2026	English	66738	Andy in the Apocalypse #2	/metadata/items/d4cfd15e-27ea-4247-95e6-96633c7d57c5/cover.jpg	create_audiobook_edition	high	matched Hardcover book has no audiobook edition	https://hardcover.app/books/andy-in-the-apocalypse-2/editions	2873940			True			
Lost Souls and a Demoness 2	N.C. Lux		B0G2T375WC	96b949bb-981b-4e1b-9ca8-dd547271e4b1	2026-07-11	2026-07-14	A LitRPG Adventure	Rebecca Woods, Daryl Mayfield	Royal Guard Publishing LLC		2025	English	72646	Lost Souls and a Demoness #2	/mnt/audiobooks/N.C. Lux/Lost Souls and a Demoness/Lost Souls and a Demoness 2/cover.jpg	use_existing_audiobook	medium	sole audiobook duration is within 46 seconds of ABS	https://hardcover.app/books/lost-souls-and-a-demoness-2/editions/32762524	2065318	32762524			72600	English	
Lost Souls and a Demoness 1	N. C. Lux		B0F4Z71MY4	76b7bfed-4b78-4aae-a235-23458270f211	2026-07-10	2026-07-14	A LitRPG Adventure	Rebecca Woods, Daryl Mayfield	Royal Guard Publishing LLC		2025	English	56159	Lost Souls and a Demoness #1	/mnt/audiobooks/N. C. Lux/Lost Souls and a Demoness/Lost Souls and a Demoness/cover.jpg	use_existing_audiobook	medium	sole audiobook duration is within 59 seconds of ABS	https://hardcover.app/books/lost-souls-and-a-demoness-1/editions/32250757	2059425	32250757			56100	English	
Love, Gods and Sinners	Camille Chong			63866b01-c314-4f30-b215-bb0a9584c25a	2026-07-14	2026-07-17							43683		/mnt/audiobooks/Camille Chong/Love, Gods and Sinners/cover.jpg	create_audiobook_edition	high	matched Hardcover book has no audiobook edition	https://hardcover.app/books/love-gods-and-sinners/editions	1565644			True			
Dressed to Kill 2: A Monster Seamstress LitRPG	Crown Fall	9781039437364	B0FFD262Q3	9305dfe6-5390-4abf-89b3-700cd2df511f	2026-07-17	2026-07-18	Dressed to Kill, Book 2	Andrea Parsneau	Podium Audio		2025	English	32376	Dressed to Kill #2	/mnt/audiobooks/Crown Fall/Dressed to Kill/Dressed to Kill 2/cover.jpg	use_existing_audiobook	high	matched audiobook edition by ABS ISBN/ASIN	https://hardcover.app/books/dressed-to-kill-2/editions/33202787	2500934	33202787			32340	English	
The Mercy Makers	Tessa Gratton	9781668649916	B0DKGBNRKZ	6a30d7c7-9a1a-4608-8a93-11f2db56e137	2026-07-18	2026-07-20		Emily Lawrence	Orbit		2025	English	69375		/mnt/audiobooks/Tessa Gratton/The Mercy Makers/cover.jpg	create_audiobook_edition	high	matched Hardcover book has no audiobook edition	https://hardcover.app/books/the-mercy-makers/editions	1644467			True			
The Shape of Monsters	Tessa Gratton	9781668657744	B0FY82H2RX	83552557-7095-4146-a677-90b37a38c213	2026-07-20	2026-07-25		Emily Lawrence	Orbit		2026	English	74272	Moon Heresies #2	/mnt/audiobooks/Tessa Gratton/Moon Heresies/The Shape of Monsters/cover.jpg	create_audiobook_edition	high	matched Hardcover book has no audiobook edition	https://hardcover.app/books/the-shape-of-monsters/editions	2586797			True			
The Red Sacrament	Sara Hinkley	9798349165719	B0GTN8YYX4	69fd860b-ded2-4f27-a6f3-e90654d0a516	2026-07-25	2026-07-31		Christine Williams	Dreamscape Media		2026	English	67010		/mnt/audiobooks/Sara Hinkley/The Red Sacrament/cover.jpg	create_audiobook_edition	high	matched Hardcover book has no audiobook edition	https://hardcover.app/books/the-red-sacrament/editions	2189786			True			
The Water Outlaws	S. L. Huang		B0BSB2DVDQ	671bd759-33ad-4642-a682-82019748bdc2	2026-07-31	2026-08-05		Emily Woo Zeller	Dreamscape Media		2023	English	71037		/mnt/audiobooks/S. L. Huang/The Water Outlaws/cover.jpg	review_audiobook_editions	low	found multiple audiobook editions without a matching ABS identifier	https://hardcover.app/books/the-water-outlaws/editions	465101		https://hardcover.app/books/the-water-outlaws/editions/31719409 | https://hardcover.app/books/the-water-outlaws/editions/31689674				
Green Crime	Julia Shaw	9781645023814	B0FW5T4J31	23fdcd35-a399-4850-8c94-5a508f612944	2026-08-05	2026-08-07	Inside the Minds of the People Destroying the Planet, and How to Stop Them	Julia Shaw	Chelsea Green Publishing		2025	English	31575		/mnt/audiobooks/Julia Shaw/Green Crime/cover.jpg	create_audiobook_edition	high	matched Hardcover book has no audiobook edition	https://hardcover.app/books/green-crime/editions	2190432			True			
Bi	Julia Shaw	9781705077559	B0B2KQ2HPT	21aadc6f-a306-4146-af02-4a5ec02c82b9	2026-08-07	2026-08-07	The Hidden Culture, History, and Science of Bisexuality	Julia Shaw	Recorded Books		2022	English	22868		/mnt/audiobooks/Julia Shaw/Bi/cover.jpg	create_audiobook_edition	high	matched Hardcover book has no audiobook edition	https://hardcover.app/books/bi-the-hidden-culture-history-and-science-of-bisexuality/editions	548921			True			
The Memory Illusion	Julia Shaw		B01E9E62P4	6eda48a5-5659-4e9d-9d7c-b22032971e43	2026-08-07	2026-08-09	Why You May Not Be Who You Think You Are	Siri Steinmo	Audible Studios		2016	English	29246		/mnt/audiobooks/Julia Shaw/The Memory Illusion/cover.jpg	review_existing_audiobook	medium	sole audiobook edition is missing duration data	https://hardcover.app/books/the-memory-illusion/editions/31435320	1162044	31435320				English	
The Devils	Joe Abercrombie		B0CXY69BBB	9641e545-df1e-4856-af40-36d80cedb19e	2026-08-09	2026-08-15	The Devils, Book 1	Steven Pacey	Gollancz		2025	English	90468	The Devils #1	/mnt/audiobooks/Joe Abercrombie/The Devils/The Devils/cover.jpg	review_audiobook_editions	low	found multiple audiobook editions without a matching ABS identifier	https://hardcover.app/books/the-devils-2025/editions	1088816		https://hardcover.app/books/the-devils-2025/editions/32186622 | https://hardcover.app/books/the-devils-2025/editions/32761026 | https://hardcover.app/books/the-devils-2025/editions/32879206 | https://hardcover.app/books/the-devils-2025/editions/32001659 | https://hardcover.app/books/the-devils-2025/editions/32011563				
The Orb of Cairado	Katherine Addison	9798331989484	B0FXYQ65TK	14941017-6bfe-4b82-9f1c-4deeabe68760	2026-08-15	2026-08-15		Zehra Jane Naqvi	Tantor Media		2026	English	11359	The Chronicles of Osreth	/mnt/audiobooks/Katherine Addison/The Chronicles of Osreth/The Orb of Cairado/cover.jpg	use_existing_audiobook	medium	sole audiobook duration is within 19 seconds of ABS	https://hardcover.app/books/the-orb-of-cairado/editions/32822493	1670199	32822493			11340	English	
Meet Me in the Garden	Nina LaCour	9781250444158	B0FP3VKX27	3743cbb8-baa2-49aa-85aa-24fa0be4a8d5	2026-08-16	2026-08-18	A Novel	Angel Pean	Macmillan Audio		2026	English	58973		/metadata/items/3743cbb8-baa2-49aa-85aa-24fa0be4a8d5/cover.jpg	create_audiobook_edition	high	matched Hardcover book has no audiobook edition	https://hardcover.app/books/meet-me-in-the-garden/editions	2269324			True			
Lancer: An Epic Sci-Fi Adventure	T. R. More	9781039474802	B0DSGJCL1G	41bb9409-eec0-4435-87bc-860682ff67e7	2026-08-18	2026-08-25	Godslayers, Book 1	Kimberly Woods	Podium Audio		2025	English	76377	Godslayers #1	/mnt/audiobooks/T. R. More/Godslayers/Lancer - An Epic Sci-Fi Adventure/cover.jpg	create_audiobook_edition	high	matched Hardcover book has no audiobook edition	https://hardcover.app/books/lancer-an-epic-sci-fi-adventure/editions	2059434			True			
Stray Cat Strut 8: A Cyberpunk LitRPG	RavensDagger	9781039487215	B0GLT6CK5Z	1f2afa84-d906-4803-a64a-d54c9d315af0	2026-08-25	2026-08-28	Stray Cat Strut, Book 8	Hollie Jackson, Pavi Proczko	Podium Audio		2026	English	60468	Stray Cat Strut #8	/metadata/items/1f2afa84-d906-4803-a64a-d54c9d315af0/cover.jpg	use_existing_audiobook	high	matched audiobook edition by ABS ISBN/ASIN	https://hardcover.app/books/stray-cat-strut-8/editions/32763074	2475074	32763074			48000	English	
