title	author	abs_finished	abs_started	issues	match	hardcover_title	status	media	hardcover_finished	book_id	edition_id	asin	isbn	candidates
Carmilla	Joseph Sheridan Le Fanu	2025-01-29	2025-01-25	unmatched—review candidates								B015RJL1Z6		Carmilla / J. Sheridan Le Fanu [Read; Book; book 456589] | Carmilla and Laura / S D Simper, Lois Ridge (Narrator) [Read; Audio; book 775295] | Clariel / Garth Nix, Graeme Malcolm (Reading) [Read; Audio; book 436344]
Bless the Blood	Walela Nehanda	2025-01-30	2025-01-29	unmatched—review candidates								B0C4VTZMWR		Bless the Blood: A Cancer Memoir /  [Read; Book; book 1146109] | Black as Blood / Seanan McGuire [Want to Read; Ebook; book 1046141] | The Blood Years / Elana K. Arnold [Want to Read; Book; book 1250954]
Earth Logic Elemental Logic, Book 2 (Unabridged)	Laurie J. Marks	2025-03-23	2025-03-21	unmatched—review candidates										Earth Logic / Laurie J. Marks [Read; Book; book 458071] | Water Logic / Laurie J. Marks [Want to Read; Book; book 458070] | Fire Logic / Laurie J. Marks [Read; Book; book 101571]
Primal Hunter 4	Zogarth	2025-03-28	2025-03-28	unmatched—review candidates								B0BK9W82PQ		The Primal Hunter 4 / Zogarth [Read; Book; book 638200] | The Primal Hunter 14 / Zogarth, Travis Baldree (Narrator) [Read; Audio; book 1975380] | The Primal Hunter / Zogarth [Read; Book; book 587435]
Black Girl, Call Home	Jasmine Mans	2025-05-06	2025-05-06	unmatched—review candidates								0593346874		Black House / Stephen King, Peter Straub, Frank Muller (Narrator) [Want to Read; Audio; book 381281] | Black Magic Sanction / Kim Harrison [Read; Book; book 278985] | Black Iris / Elliot Wake [Want to Read; Book; book 503909]
Quill and Still	Aaron Sofaer	2025-05-09	2025-05-07	unmatched—review candidates								B0F3JZ9H4S		Grand Skill / Melas Delta, V.A.  Lewis [Read; Ebook; book 932975] | Unholy Land / Lavie Tidhar [Want to Read; Book; book 449988] | Planetfall / Emma Newman [Want to Read; Ebook; book 436902]
Rains of Liscor	Pirateaba	2025-05-19	2025-05-19	unmatched—review candidates								B09XYL9MQJ		The Rains of Liscor / pirateaba [Read; Ebook; book 1128283] | Tears of Liscor / pirateaba, Andrea Parsneau [Read; Audio; book 791490] | Blood of Liscor / pirateaba [Read; Book; book 707984]
Shifting Shadows	Patricia Briggs	2025-05-19	2025-05-19	unmatched—review candidates								B00MPWQ4WY		Hunting Ground / Patricia Briggs [Read; Book; book 209586] | A Gathering of Shadows / V. E. Schwab, Michael Kramer (Narrator), Kate Reading (Narrator) [Read; Audio; book 358274] | Heir to the Shadows / Anne Bishop [Read; Book; book 446147]
Accidental Duelist	Jamie Davis, C.J. Davis	2025-05-19	2025-05-19	unmatched—review candidates								B07GJ582SN		Accidental Thief /  [Read; Book; book 770163] | The Accidental Bite /  [Want to Read; Book; book 2156040] | An Accident of Stars / Foz Meadows [Want to Read; Book; book 327438]
Accidental Raider	Jamie Davis, C.J. Davis	2025-05-19	2025-05-19	unmatched—review candidates								B07J5QB538		Accidental Thief /  [Read; Book; book 770163] | The Accidental Bite /  [Want to Read; Book; book 2156040] | An Accident of Stars / Foz Meadows [Want to Read; Book; book 327438]
Accidental Dragoon	Jamie Davis, C.J. Davis	2025-05-19	2025-05-19	unmatched—review candidates								B07MKPG9ZH		Accidental Thief /  [Read; Book; book 770163] | Lady Dragon / A.M.  Strickland [Want to Read; Book; book 735349] | A Dance with Dragons / George R.R. Martin [Read; Ebook; book 144636]
The Golem and the Jinni	Helene Wecker	2025-05-19	2025-05-19	unmatched—review candidates								B00BU8KV2S		The Golem and the Djinni / Helene Wecker [Read; Book; book 498604] | The Tree and the Vine / Lillian Faderman (Afterword), Dola de Jong [Want to Read; Book; book 447548] | The Wolf and the Woodsman / Ava Reid, Saskia Maarleveld (Narrator) [Read; Audio; book 428740]
Beneath the Dragoneye Moons	Selkie Myth	2025-05-19	2025-05-19	unmatched—review candidates								1039402259		Adventures in the Argo / Selkie Myth [Read; Ebook; book 637839] | New Horizons / Selkie Myth [Read; Ebook; book 638242] | Return to Remus / Selkie Myth [Read; Ebook; book 995089]
Beneath the Dragoneye Moons 2	Selkie Myth	2025-05-19	2025-05-19	unmatched—review candidates								1039402313		Adventures in the Argo / Selkie Myth [Read; Ebook; book 637839] | New Horizons / Selkie Myth [Read; Ebook; book 638242] | Return to Remus / Selkie Myth [Read; Ebook; book 995089]
Beneath the Dragoneye Moons 3	Selkie Myth	2025-05-19	2025-05-19	unmatched—review candidates								B09CF14FKD		Adventures in the Argo / Selkie Myth [Read; Ebook; book 637839] | New Horizons / Selkie Myth [Read; Ebook; book 638242] | Return to Remus / Selkie Myth [Read; Ebook; book 995089]
Beneath the Dragoneye Moons 4	Selkie Myth	2025-05-19	2025-05-19	unmatched—review candidates								B09L5BBJ6X		Adventures in the Argo / Selkie Myth [Read; Ebook; book 637839] | New Horizons / Selkie Myth [Read; Ebook; book 638242] | Return to Remus / Selkie Myth [Read; Ebook; book 995089]
Beneath the Dragoneye Moons 5	Selkie Myth	2025-05-19	2025-05-19	unmatched—review candidates								B09SNZJ74S		Adventures in the Argo / Selkie Myth [Read; Ebook; book 637839] | New Horizons / Selkie Myth [Read; Ebook; book 638242] | Return to Remus / Selkie Myth [Read; Ebook; book 995089]
Beneath the Dragoneye Moons 6	Selkie Myth	2025-05-19	2025-05-19	unmatched—review candidates								B09ZBKXSSD		Adventures in the Argo / Selkie Myth [Read; Ebook; book 637839] | New Horizons / Selkie Myth [Read; Ebook; book 638242] | Return to Remus / Selkie Myth [Read; Ebook; book 995089]
Artificial Condition (Dramatized Adaptation)	Martha Wells	2025-05-22	2025-05-22	unmatched—review candidates								B0CK9HTFG5		Artificial Condition / Martha Wells [Read; Book; book 427537] | A Court of Frost and Starlight [Dramatized Adaptation] / Sarah J. Maas, Colleen Delany (Other), Melody Muze (Narrator), Anthony Palmini (Narrator), Jon Vertullo (Narrator), Amanda Forstrom (Narrator), Shawn K. Jain (Narrator), Nora Achrati (Narrator), Karenna Foley (Narrator), Gabriel Michael (Narrator), Natalie Van Sistine (Narrator), Eva Wilhelm (Narrator), Henry W. Kramer (Narrator) [Want to Read; Audio; book 1715532] | Exit Strategy / Martha Wells [Read; Book; book 432448]
Goddess Reborn!	Rain Harlow	2025-05-22	2025-05-22	unmatched—review candidates								B0CNSC8DKW		Goddess Charging / Rain Harlow, Giancarlo Herrera (Narrator), Hannah Schooner (Narrator) [Read; Audio; book 1686900] | Goddess Alchemy / Rain Harlow, Giancarlo Herrera (Narrator), Hannah Schooner (Narrator) [Read; Audio; book 2905536] | Goddess of the River / Vaishnavi Patel [Want to Read; Book; book 969084]
Goddess Descension	Rain Harlow	2025-05-22	2025-05-22	unmatched—review candidates								B0CZ28P5T1		Goddess Charging / Rain Harlow, Giancarlo Herrera (Narrator), Hannah Schooner (Narrator) [Read; Audio; book 1686900] | Goddess Alchemy / Rain Harlow, Giancarlo Herrera (Narrator), Hannah Schooner (Narrator) [Read; Audio; book 2905536] | Goddess Expansion: An Isekai LitRPG Fantasy / Rain Harlow, Giancarlo Herrera (Narrator), Hannah Schooner (Narrator) [Read; Audio; book 1686901]
Goddess Rising	Rain Harlow	2025-05-22	2025-05-22	unmatched—review candidates								B0D82F669C		Goddess Charging / Rain Harlow, Giancarlo Herrera (Narrator), Hannah Schooner (Narrator) [Read; Audio; book 1686900] | Goddess Alchemy / Rain Harlow, Giancarlo Herrera (Narrator), Hannah Schooner (Narrator) [Read; Audio; book 2905536] | Wrath Goddess Sing /  [Read; Book; book 455447]
The Grim Guys	Eric Ugland	2025-05-22	2025-05-22	unmatched—review candidates								B0C3WP44HL		The Bare Hunt / Eric Ugland [Read; Book; book 637919] | Flex in the City / Eric Ugland [Read; Book; book 637822] | Killing Them Awfully / Eric Ugland [Read; Book; book 637915]
Night Angel Nemesis	Brent Weeks	2025-05-22	2025-05-22	unmatched—review candidates								B0BHTX4773		Untitled Nemesis 3 / April Daniels [Want to Read; Ebook; book 1266256] | The Broken Eye / Brent Weeks [Read; Book; book 12127] | The Burning White / Brent Weeks [Read; Book; book 446514]
The Village of Noobtown	Ryan Rimmel	2025-05-22	2025-05-22	unmatched—review candidates								1774240963		Village of Noobtown / Ryan Rimmel [Read; Ebook; book 646490] | The Mayor of Noobtown / Ryan Rimmel [Read; Ebook; book 646489] | The War of the Noobs / Ryan Rimmel [Read; Ebook; book 1575192]
Hive Minds Give Good Hugs	"Natalie ""Thundamoo"" Maher"	2025-05-22	2025-05-22	unmatched—review candidates								B0BBWT87ZT		Hive Minds Give Good Hugs / Thundamoo, Natalie Maher [Read; Ebook; book 917423] | The Good House / Tananarive Due, Robin Miles (Narrator) [Want to Read; Audio; book 435620] | Silver in the Wood / Emily Tesh [Read; Book; book 448971]
Forge of Destiny	Yrsillar	2025-05-22	2025-05-22	unmatched—review candidates								1774246856		Sword of Destiny / Peter Kenny (Narrator), David   French (Translator), Andrzej Sapkowski [Want to Read; Audio; book 445143] | Rules for Ghosting /  [Read; Book; book 1295104] | Redemption /  [Want to Read; Book; book 2156065]
This Quest Is Broken!	J. P. Valentine	2025-05-22	2025-05-22	unmatched—review candidates								B08Y97ZFVX		The Unbroken / C.L. Clark [Read; Book; book 428981] | The Kiss Quotient / Helen Hoang [Read; Book; book 358461] | The Broken Eye / Brent Weeks [Read; Book; book 12127]
This Class Is Bonkers!	J. P. Valentine	2025-05-22	2025-05-22	unmatched—review candidates								B0916BW7P9		This Princess Kills Monsters / Ry Herman [Want to Read; Ebook; book 1762952] | This Poison Heart / Kalynn  Bayron [Want to Read; Book; book 465278] | This Ends In Embers / Kamilah Cole [Want to Read; Book; book 1254914]
This Guild Is Batty!	J. P. Valentine	2025-05-22	2025-05-22	unmatched—review candidates								B09J1LKZ4R		This Gilded Abyss / Rebecca Thorne, Natalie Naudus (Narrator) [Read; Audio; book 945984] | This World Is Not Yours /  [Read; Book; book 1476223] | The Gilded Nest / Sarah Painter, Kate Rawson (Narrator) [Want to Read; Audio; book 2024041]
This Plot Is Bananas!: A Comedy LitRPG Adventure (This Trilogy Is Broken, Book 4)	J. P. Valentine	2025-05-22	2025-05-22	unmatched—review candidates								B09Q9BHGSS		Lost Souls and a Demoness 2: A LitRPG Adventure / N. C. Lux, Rebecca Woods (Narrator), Daryl Mayfield (Narrator) [Read; Audio; book 2065318] | Lost Souls and a Demoness 1: A LitRPG Adventure / Rebecca Woods (Narrator), Daryl Mayfield (Narrator), N. C. Lux [Read; Audio; book 2059425] | He Who Fights with Monsters 3: A LitRPG Adventure (He Who Fights with Monsters, Book 3) / Shirtaloon, Travis Deverell [Read; Audio; book 567926]
Lucifer's Daughter	Kel Carpenter	2025-05-22	2025-05-22	unmatched—review candidates								1541444809		The Tiger's Daughter / K Arsenault Rivera, Caroline McLaughlin (Narrator) [Read; Audio; book 441125] | City of Laughter /  [Read; Book; book 1061514] | Sheepfarmer's Daughter / Elizabeth Moon [Read; Book; book 441105]
How to Defeat a Demon King in Ten Easy Steps	Andrew Rowe	2025-05-22	2025-05-22	unmatched—review candidates								B086R2N27Y		How to Lose a Goblin in Ten Days: Tales from Hawthorne Cottage / Maggie  Bain (Narrator), Jessie Sylva [Read; Audio; book 1295756] | The Dangers of Smoking in Bed: Stories / Megan McDowell (Translator), Mariana Enríquez [Want to Read; Book; book 649235] | How to Hide an Empire: A History of the Greater United States / Daniel Immerwahr, Luis Moreno (Narrator) [Want to Read; Audio; book 89545]
Blood Cross: Jane Yellowrock, Book 2	Faith Hunter	2025-05-22	2025-05-22	unmatched—review candidates								B003FQBS3Y		Blood Cross / Faith Hunter [Read; Ebook; book 59858] | Blood Trade / Faith Hunter [Read; Book; book 458595] | Blood of the Earth / Faith Hunter [Read; Book; book 458610]
Mercy Blade: Jane Yellowrock, Book 3	Faith Hunter	2025-05-22	2025-05-22	unmatched—review candidates								B004GHJMPW		Mercy Blade / Faith Hunter, Khristine Hvam (Narrator) [Read; Audio; book 459421] | Circle of the Moon / Faith Hunter, Khristine Hvam (Narrator) [Read; Audio; book 461183] | The Early Years / Khristine Hvam (narrator), Faith Hunter [Want to Read; Audio; book 564094]
Raven Cursed: Jane Yellowrock, Book 4	Faith Hunter	2025-05-22	2025-05-22	unmatched—review candidates								B006OCV7L4		Raven Cursed / Faith Hunter [Read; Ebook; book 476427] | Flame in the Dark / Khristine Hvam (Narrator), Faith Hunter [Read; Audio; book 458612] | Curse on the Land / Faith Hunter [Read; Book; book 458611]
Blood Trade: Jane Yellowrock, Book 6	Faith Hunter	2025-05-22	2025-05-22	unmatched—review candidates								B00BMXYGMW		Blood Trade / Faith Hunter [Read; Book; book 458595] | Blood Cross / Faith Hunter [Read; Ebook; book 59858] | Blood of the Earth / Faith Hunter [Read; Book; book 458610]
Soul Music	Terry Pratchett	2025-05-22	2025-05-22	unmatched—review candidates								B09LZ4VWCJ		Exile Music / Jennifer Steil [Want to Read; Book; book 742006] | Soulstar / C.L. Polk [Want to Read; Book; book 448944] | Guards! Guards! / Terry Pratchett [Read; Book; book 446212]
Oberon's Meaty Mysteries: The Squirrel on the Train	Kevin Hearne	2025-05-22	2025-05-22	unmatched—review candidates								B0759RM27B		The Grimoire of the Lamb / Kevin Hearne [Read; Book; book 1612285] | A Test of Mettle / Kevin Hearne [Read; Ebook; book 429339] | Shattered / Kevin Hearne [Read; Book; book 270843]
The Purloined Poodle	Kevin Hearne	2025-05-22	2025-05-22	unmatched—review candidates								B01J2G1K3I		The Grimoire of the Lamb / Kevin Hearne [Read; Book; book 1612285] | Paper & Blood / Kevin Hearne [Read; Book; book 430141] | The Undead Pool / Kim Harrison [Read; Book; book 476182]
Two Tales of the Iron Druid Chronicles	Kevin Hearne	2025-05-22	2025-05-22	unmatched—review candidates								B00XUMA190		Hunted: Book Six of The Iron Druid Chronicles / Kevin Hearne [Read; Book; book 1318097] | Two Ravens and One Crow / Kevin Hearne [Read; Book; book 429336] | First Dangle and Other Stories / Kevin Hearne [Read; Book; book 856834]
Grimoire of the Lamb	Kevin Hearne	2025-05-22	2025-05-22	unmatched—review candidates								B00CLR5884	9780804128827	The Grimoire of the Lamb / Kevin Hearne [Read; Book; book 1612285] | A Test of Mettle / Kevin Hearne [Read; Ebook; book 429339] | First Dangle and Other Stories / Kevin Hearne [Read; Book; book 856834]
Three Slices	Kevin Hearne, Delilah S. Dawson, Chuck Wendig	2025-05-22	2025-05-22	unmatched—review candidates								B00VTQ8TO8		Three Slices / Delilah S. Dawson [Read; Book; book 1105681] | Tricked / Kevin Hearne [Read; Book; book 429264] | Besieged / Kevin Hearne [Read; Book; book 429193]
Word Puppets	Mary Robinette Kowal	2025-05-22	2025-05-22	unmatched—review candidates								1515947459		Rocket's Red / Mary Robinette Kowal [Want to Read; Ebook; book 1091770] | We Interrupt This Broadcast / Mary Robinette Kowal [Want to Read; Ebook; book 571188] | Wolf Worm / T. Kingfisher, Mary Robinette Kowal (Narrator) [Read; Audio; book 2007613]
Seasonal Fears	Seanan McGuire	2025-05-22	2025-05-22	unmatched—review candidates								B09GHB3NCM		In Sea-Salt Tears / Seanan McGuire [Want to Read; Ebook; book 460943] | Heaps of Pearl / Seanan McGuire [Want to Read; Ebook; book 460941] | Dreams and Slumbers / Seanan McGuire [Want to Read; Book; book 995434]
Midnight Riot	Ben Aaronovitch	2025-05-22	2025-05-22	unmatched—review candidates								B009CZNUGU	9781452680071	Nightingale: London 1966 / Ben Aaronovitch [Want to Read; Book; book 563973] | Midnight Tides / Steven Erikson [Read; Book; book 289044] | The Midnight Shift / Cheon Seon-ran, Gene Png (Translator) [Read; Ebook; book 1813562]
Sinners on Sunset: Imp World	Debra Dunbar	2025-05-22	2025-05-22	unmatched—review candidates								B09BDJKJTG		Satan's Sword / Debra Dunbar [Read; Book; book 612354] | California Demon: An Imp World Urban Fantasy / Debra Dunbar [Read; Book; book 1612290] | No Man's Land / Debra Dunbar [Read; Book; book 1180142]
Imp Series, Books 1-3	Debra Dunbar	2025-05-22	2025-05-22	unmatched—review candidates								B07TK4T9SR		Elven Blood / Debra Dunbar [Read; Book; book 612353] | Imp Forsaken / Debra Dunbar [Read; Book; book 612351] | Stolen Souls / Debra Dunbar [Read; Book; book 1180139]
Exodus	Debra Dunbar	2025-05-22	2025-05-22	unmatched—review candidates								B01NA70F35		Exodus / Leon Uris [Want to Read; Book; book 184662] | Stolen Souls / Debra Dunbar [Read; Book; book 1180139] | Demons of Desire / Debra Dunbar [Read; Book; book 612358]
Queen of the Damned	Debra Dunbar	2025-05-22	2025-05-22	unmatched—review candidates								B07CZ32JFP		Queen of the Darkness / Anne Bishop [Read; Book; book 275805] | Sins of the Flesh / Debra Dunbar [Read; Book; book 612357] | Demons of Desire / Debra Dunbar [Read; Book; book 612358]
The Morning Star	Debra Dunbar	2025-05-22	2025-05-22	unmatched—review candidates								B07KPN1NTX		These Burning Stars / Bethany Jacobs [Want to Read; Book; book 824780] | Dead Rising / Debra Dunbar [Read; Book; book 496530] | A Demon Bound / Debra Dunbar [Read; Book; book 612355]
Unholy Pleasures	Debra Dunbar	2025-05-22	2025-05-22	unmatched—review candidates								B07DY5P6M9		Guilty Pleasures / Laurell K. Hamilton [Read; Book; book 116205] | Demons of Desire / Debra Dunbar [Read; Book; book 612358] | Simple Pleasures /  [Want to Read; Book; book 1796575]
Freehaven Online: Dragonsbane	Jun Prince	2025-05-22	2025-05-22	unmatched—review candidates								B07HBBRJNQ		Winter Dungeonland / Jun Prince, Amy Landon (Narrator) [Read; Audio; book 1853294] | When Women Were Dragons / Kelly Barnhill [Want to Read; Book; book 465142] | Forever Fantasy Online / Rachel Aaron, Travis Bach [Read; Book; book 507292]
Viridian Gate Online: Firebrand: A litRPG Adventure	James Hunter, J. D. Astra	2025-05-22	2025-05-22	unmatched—review candidates								B07RP3JQ46		Vainglory 3: A LitRPG Adventure / Plum Parrot, Robb Moreira (Narrator) [Read; Audio; book 2489777] | Viridian Gate Online: Path of the Blood Phoenix /  [Read; Book; book 1612274] | Glass Kanin An Isekai LitRPG Adventure / Daniel Henning (Narrator), Kia Leep [Read; Audio; book 2063735]
Viridian Gate Online: Embers of Rebellion	J.D. Astra	2025-05-22	2025-05-22	unmatched—review candidates								B07YF4X8VT		Embers of Rebellion / J.D. Astra, James A. Hunter [Read; Book; book 769833] | Viridian Gate Online: Path of the Blood Phoenix /  [Read; Book; book 1612274] | Ten Incarnations of Rebellion / Vaishnavi Patel [Want to Read; Book; book 1292107]
The Hobgoblin Riot	Matt Dinniman	2025-05-22	2025-05-22	unmatched—review candidates								B07FCRJFDP		The Hobgoblin Riot: Dominion of Blades Book 2: A LitRPG Adventure / Matt Dinniman [Read; Book; book 770123] | The Eye of the Bedlam Bride / Matt Dinniman [Read; Book; book 818989] | This Inevitable Ruin / Matt Dinniman [Read; Book; book 1464466]
Dark Matter (Movie Tie-In)	Blake Crouch	2025-05-22	2025-05-22	unmatched—review candidates								B01CUKULGA	9781101924488	Dark Matter / Blake Crouch [Read; Book; book 57214] | Recursion / Blake Crouch [Read; Book; book 202782] | Good Behavior / Blake Crouch [Read; Book; book 461443]
It's Not What It Looks Like	Molly Burke	2025-05-22	2025-05-22	unmatched—review candidates								B07TVF9RMY		It's All or Nothing, Vale / Andrea Beatriz Arango [Want to Read; Book; book 1734763] | Automatic Noodle / Annalee Newitz, Em Grosland (Narrator) [Want to Read; Audio; book 1598053] | Captain Vorpatril's Alliance / Lois McMaster Bujold [Read; Book; book 106668]
A Grown-Up Guide to Dinosaurs	Ellie Sans, Clare Chadburn	2025-05-22	2025-05-22	unmatched—review candidates								B08DCJCN6Y		A Grown-Up Guide to Dinosaurs / Ben Garrod [Read; Audio; book 434402] | An Accident of Stars / Foz Meadows [Want to Read; Book; book 327438] | Gone To Soldiers / Marge Piercy [Want to Read; Book; book 442142]
Alien: Sea of Sorrows	Dirk Maggs, James A. Moore	2025-05-22	2025-05-22	unmatched—review candidates								B07B3JVLNC		Alien: Sea of Sorrows / James A. Moore [Read; Book; book 463060] | A Feast for Crows / George R.R. Martin, Roy Dotrice (Narrator) [Read; Audio; book 377011] | Sea of Swords / R. A. Salvatore [Want to Read; Book; book 446028]
Even Tree Nymphs Get the Blues	Molly Harper	2025-05-22	2025-05-22	unmatched—review candidates								B07QD1ZW5X		Antimatter Blues / Edward Ashton, John Pirhalla (Narrator), Katharine Chin (Narrator) [Want to Read; Audio; book 553755] | Never Shines The Sun / Seanan McGuire [Want to Read; Book; book 995003] | The Tree and the Vine / Lillian Faderman (Afterword), Dola de Jong [Want to Read; Book; book 447548]
You Do You	Nikki Levy, Tan France, Janine Brito, Gigi Gorgeous, Percy Rustomji, Alexandra Billings, Emma Willmann, D.J. “Shangela” Pierce	2025-05-22	2025-05-22	unmatched—review candidates								B07RL4BH8W		What You Do to Me / Rochelle B. Weinstein [Want to Read; Book; book 945860] | You Exist Too Much / Zaina Arafat [Read; Book; book 436333] | Skybound /  [Read; Book; book 1612399]
Iron and Magic	Ilona Andrews	2025-05-22	2025-05-22	unmatched—review candidates								B07FNY3WJQ		Magic Bites / Ilona Andrews [Read; Book; book 1509459] | Magic Binds / Ilona Andrews [Read; Book; book 458537] | Magic Burns / Ilona Andrews [Read; Book; book 65446]
Parasite Rex	Carl Zimmer	2025-05-22	2025-05-22	unmatched—review candidates								B07CLNZSBJ		Parasite rex inside the bizarre world of nature's most dangerous creatures / Carl Zimmer [Read; Book; book 9543] | Parasite / Mira Grant [Read; Book; book 439111] | Paradise Rot / Marjam Idriss (Translator), Jenny Hval [Want to Read; Book; book 478736]
Daughter of Smoke and Bone	Laini Taylor	2025-05-22	2025-05-22	unmatched—review candidates								B005O1Y68C		Daughter of Smoke & Bone / Laini Taylor [Read; Book; book 232764] | Night of Cake & Puppets / Laini Taylor [Read; Book; book 477974] | Daughter of Ruins: A Novel / Yvette Manessis Corporon [Want to Read; Book; book 1648314]
Alien: Out of the Shadows	Dirk Maggs, Tim Lebbon	2025-05-22	2025-05-22	unmatched—review candidates								B08GC2361R		Alien: Out of the Shadows / Tim Lebbon [Read; Book; book 1604318] | Knot of Shadows / Lois McMaster Bujold [Read; Book; book 696198] | Heir to the Shadows / Anne Bishop [Read; Book; book 446147]
Twain’s Feast	Audible Originals	2025-05-22	2025-05-22	unmatched—review candidates								B07G1Y861M		The Wise Man's Fear / Patrick Rothfuss [Read; Book; book 381332] | Winter Lost / Patricia Briggs [Read; Audio; book 1097006] | In Sea-Salt Tears / Seanan McGuire [Want to Read; Ebook; book 460943]
Kill the Farm Boy	Kevin Hearne, Delilah S. Dawson	2025-05-22	2025-05-22	unmatched—review candidates								B079J78HNB	9780525593669	Kill the Farm Boy / Delilah S. Dawson [Read; Book; book 465839] | The Grimoire of the Lamb / Kevin Hearne [Read; Book; book 1612285] | Kaibab Unbound / Kevin Hearne [Read; Book; book 1192413]
We Are Legion (We Are Bob)	Dennis E. Taylor	2025-05-22	2025-05-22	unmatched—review candidates								B01L082HJ2		Not Till We Are Lost / Dennis E. Taylor [Read; Ebook; book 1432670] | For We Are Many / Dennis E. Taylor [Read; Ebook; book 427993] | Heaven's River / Ray Porter (Narrator), Dennis E. Taylor [Read; Audio; book 428002]
Clean Sweep	Ilona Andrews	2025-05-22	2025-05-22	unmatched—review candidates								B00ISAC8XG		Magic Slays / Ilona Andrews [Read; Book; book 153028] | Magic Bleeds / Ilona Andrews [Read; Book; book 458556] | Magic Bites / Ilona Andrews [Read; Book; book 1509459]
Clean Sweep (Dramatized Adaptation)	Ilona Andrews	2025-05-22	2025-05-22	unmatched—review candidates								B09QH9LWTJ		A Court of Frost and Starlight [Dramatized Adaptation] / Sarah J. Maas, Colleen Delany (Other), Melody Muze (Narrator), Anthony Palmini (Narrator), Jon Vertullo (Narrator), Amanda Forstrom (Narrator), Shawn K. Jain (Narrator), Nora Achrati (Narrator), Karenna Foley (Narrator), Gabriel Michael (Narrator), Natalie Van Sistine (Narrator), Eva Wilhelm (Narrator), Henry W. Kramer (Narrator) [Want to Read; Audio; book 1715532] | Magic Bleeds / Ilona Andrews [Read; Book; book 458556] | Magic Strikes / Ilona Andrews [Read; Book; book 363828]
Training Daze	Mike Shepherd	2025-05-22	2025-05-22	unmatched—review candidates								B00INB44PA		Mutineer / Mike Shepherd [Read; Book; book 351855] | Intrepid / Mike Shepherd [Read; Book; book 1023702] | The Burning Maze / Rick Riordan, Robbie Daymond (Narrator) [Want to Read; Audio; book 431023]
Agent of Hel	Jacqueline Carey	2025-05-22	2025-05-22	unmatched—review candidates								B009UX3BUE		Santa Olivia / Jacqueline Carey [Want to Read; Book; book 198679] | Agents of Dreamland / Caitlín R. Kiernan [Want to Read; Book; book 436911] | Dark Currents / Jacqueline Carey [Read; Book; book 473150]
Last Breath	Debra Dunbar	2025-05-22	2025-05-22	unmatched—review candidates								B01M1GZW4M		Last Bastion / Travis Bach, Rachel Aaron, Josh Hurley (Reading) [Read; Book; book 587479] | A Suburban Summoning / Debra Dunbar [Want to Read; Book; book 612356] | Juliet Takes a Breath / Gabby Rivera [Want to Read; Book; book 222977]
Bare Bones	Debra Dunbar	2025-05-22	2025-05-22	unmatched—review candidates								B01M5D0DWC		A Demon Bound / Debra Dunbar [Read; Book; book 612355] | A Crown of Imp and Bone / Debra Dunbar, Angela Rysk (Narrator) [Read; Audio; book 1612359] | Angel of Chaos / Debra Dunbar [Read; Book; book 612349]
The Final Empire	Brandon Sanderson	2025-05-22	2025-05-22	unmatched—review candidates								B002V0QCYU		Mistborn: The Final Empire / Brandon Sanderson [Read; Book; book 369692] | The Original / Mary Robinette Kowal, Julia Whelan (Narrator), Brandon Sanderson [Want to Read; Audio; book 427950] | Oathbringer / Brandon Sanderson [Read; Book; book 459452]
Harsh Cry of the Heron	Lian Hearn	2025-05-22	2025-05-22	unmatched—review candidates								B002V0RNHK		Brilliance of the Moon / Lian Hearn [Read; Book; book 229421] | Across the Nightingale Floor / Lian Hearn [Read; Book; book 307890] | Gardens of the Moon / Steven Erikson [Read; Book; book 319998]
Insurrection	David Weber, Steve White	2025-05-22	2025-05-22	unmatched—review candidates								B01BO6TDNS		Insurrection / Thomas M. Reid [Read; Ebook; book 837630] | Resurrection /  [Read; Book; book 726991] | Extinction / Lisa Smedman [Read; Book; book 796228]
Kushiel's Scion	Jacqueline Carey	2025-05-22	2025-05-22	unmatched—review candidates								B002VAA9S0		Kushiel's Chosen / Jacqueline Carey [Read; Book; book 439003] | Kushiel's Mercy / Jacqueline Carey, Simon Vance [Read; Book; book 338270] | Kushiel's Dart / Jacqueline Carey [Read; Book; book 427397]
Storm Front	Jim Butcher	2025-05-22	2025-05-22	unmatched—review candidates								B002V8KYMI		First Lord's Fury / Jim Butcher [Read; Book; book 10095] | Cursor's Fury / Jim Butcher [Read; Book; book 437923] | Furies of Calderon / Jim Butcher [Read; Book; book 380212]
Changes: The Dresden Files, Book 12	Jim Butcher	2025-05-22	2025-05-22	unmatched—review candidates								B003DORDUU		Changes / Jim Butcher [Read; Book; book 252854] | Side Jobs: Stories from The Dresden Files / Jim Butcher [Read; Book; book 445869] | Shadowed Souls / Jim Butcher (Editor), Kerrie L. Hughes (Editor) [Want to Read; Book; book 458616]
Go the F--k to Sleep	Adam Mansbach, Ricardo Cortes - illustrator	2025-05-22	2025-05-22	unmatched—review candidates								B00551W570		Go the Fuck to Sleep / Ricardo Cortés (Illustrator), Adam Mansbach [Read; Book; book 799532] | The Golem of Brooklyn / Adam Mansbach [Want to Read; Book; book 1010090] | The Seep / Chana Porter, Shakina Nayfack (Narrator) [Read; Audio; book 452807]
A Discovery of Witches	Deborah Harkness	2025-05-26	2025-05-26	unmatched—review candidates								B004MNLNX4		Sisters of the Snake / Sasha Nanua, Sarena Nanua [Want to Read; Book; book 735327] | Sisters of the Snake / Sarena Nanua, Sasha Nanua, Soneela Nankani [Read; Audio; book 455815] | Overgrowth / Mira Grant [Want to Read; Ebook; book 1634509]
Time's Convert	Deborah Harkness	2025-05-26	2025-05-26	unmatched—review candidates								B07DKK2CV6		The Convert / Stefan Hertmans, Nicholas Guy Smith (Narrator) [Read; Audio; book 553242] | The Time of Contempt / Andrzej Sapkowski, Peter Kenny (Narrator), David   French (Translator) [Want to Read; Audio; book 1408508] | This Poison Heart / Kalynn  Bayron [Want to Read; Book; book 465278]
Heroes Die	Matthew Stover	2025-05-26	2025-05-26	unmatched—review candidates								B006X6EQAK		Heroes Die / Matthew Woodring Stover [Read; Book; book 78154] | Where Echoes Die / Courtney Gould [Want to Read; Book; book 504000] | Here Lies Olive / Kate Anderson [Want to Read; Book; book 1377219]
Blade of Tyshalle	Matthew Stover	2025-05-26	2025-05-26	unmatched—review candidates								B006MXKPUE		Parable of the Talents / Octavia E. Butler, Patricia R. Floyd (Narrator), Peter Jay Fernandez (Narrator), Sisi Aisha Johnson (Narrator) [Want to Read; Audio; book 150915] | The Lady of the Lake / Jean Menzies [Want to Read; Book; book 1996709] | The Lady of the Lake / Andrzej Sapkowski, David   French (Translator), Peter Kenny (Narrator) [Want to Read; Audio; book 445169]
Caine Black Knife	Matthew Stover	2025-05-26	2025-05-26	unmatched—review candidates								B006P47V0M		Rainbow Black / Maggie Thrash [Want to Read; Ebook; book 975349] | Caine's law / Matthew Woodring Stover [Read; Book; book 459283] | The Subtle Knife / Philip Pullman [Read; Audio; book 198704]
Caine’s Law	Matthew Stover	2025-05-26	2025-05-26	unmatched—review candidates								B007MF0I2G		Caine's law / Matthew Woodring Stover [Read; Book; book 459283] | Charon's Claw / R. A. Salvatore [Want to Read; Book; book 446779] | Changes / Jim Butcher [Read; Book; book 252854]
Shadow of Night	Deborah Harkness	2025-05-26	2025-05-26	unmatched—review candidates								B008EYO88O		Our Share of Night / Mariana Enriquez, Pablo Gerardo Camacho (Illustrator), Megan McDowell (Translator) [Want to Read; Book; book 513142] | Shadow Rites / Faith Hunter [Read; Book; book 461186] | Shadow Baron / Davinia Evans [Want to Read; Book; book 1109219]
The Book of Life	Deborah Harkness	2025-05-27	2025-05-27	unmatched—review candidates								B00K8F6KQA		A Book of Life / Rabbi Michael Strassfeld [Want to Read; Book; book 1480436] | The Book of All Skies / Greg Egan [Want to Read; Book; book 658093] | The Book of Lights / Chaim Potok [Want to Read; Book; book 941628]
He Who Fights with Monsters 4	Shirtaloon, Travis Deverell	2025-05-27	2025-05-27	unmatched—review candidates								B09GHD1R2R		He Who Fights with Monsters / Shirtaloon, Travis Deverell [Read; Book; book 2371526] | He Who Fights With Monsters 6 / Shirtaloon, Travis Deverell [Read; Book; book 587441] | He Who Fights with Monsters 7 / Shirtaloon, Travis Deverell [Read; Ebook; book 567927]
Jingo	Terry Pratchett	2025-05-27	2025-05-27	unmatched—review candidates								B09M8YBLKH		Raising Steam / Terry Pratchett, Stephen Briggs (Narrator) [Want to Read; Audio; book 463511] | Vainglory / Plum Parrot, Robb Moreira (Narrator) [Read; Audio; book 1823410] | Saving Noah / Lucinda Berry [Want to Read; Book; book 559646]
The Truth	Terry Pratchett	2025-05-27	2025-05-27	unmatched—review candidates								B09MDMFFQN		The Truth of Valor / Tanya Huff [Read; Book; book 283569] | The Truth About Keeping Secrets / Savannah Brown [Want to Read; Book; book 467996] | The Brutal Truth / Lee Winter [Want to Read; Book; book 519873]
Roseland: Volume 2	Eric Ugland	2025-05-27	2025-05-27	unmatched—review candidates								1774244055		Skull and Thrones / Eric Ugland [Read; Ebook; book 638177] | Of Slicing Men / Eric Ugland [Read; Ebook; book 995394] | Dukes and Ladders / Eric Ugland [Read; Book; book 637921]
Roseland: Volume 3	Eric Ugland	2025-05-27	2025-05-27	unmatched—review candidates								1774244136		Skull and Thrones / Eric Ugland [Read; Ebook; book 638177] | Of Slicing Men / Eric Ugland [Read; Ebook; book 995394] | Dukes and Ladders / Eric Ugland [Read; Book; book 637921]
Reaper Man	Terry Pratchett	2025-05-27	2025-05-27	unmatched—review candidates								B09LZ43N8W		Men at Arms / Terry Pratchett [Read; Book; book 446110] | Weatherman / Lois McMaster Bujold [Read; Book; book 468419] | Reaper's Gale / Steven Erikson [Read; Book; book 236602]
Night Watch	Terry Pratchett	2025-05-27	2025-05-27	unmatched—review candidates								B09M8XH27V		The Night Watchman / Louise Erdrich (Narrator), Louise Erdrich [Want to Read; Audio; book 432398] | Night / George Guidall (Narrator), Marion Wiesel (Translator), Elie Wiesel [Read; Audio; book 35078] | Raising Steam / Terry Pratchett, Stephen Briggs (Narrator) [Want to Read; Audio; book 463511]
Hogfather	Terry Pratchett	2025-05-27	2025-05-27	unmatched—review candidates								B09LVLY9DC		A Slip of the Keyboard / Terry Pratchett, Michael Fenton Stevens (Narrator) [Want to Read; Audio; book 710285] | Men at Arms / Terry Pratchett [Read; Book; book 446110] | Off the Grid /  [Want to Read; Book; book 476393]
Girls of Paper and Fire	James Patterson - foreword, Natasha Ngan	2025-05-27	2025-05-26	unmatched—review candidates								B07HM79VPL		Girls of Paper and Fire / Allison Hiroto (Narrator), Natasha Ngan [Read; Audio; book 14918] | Girls of Fate and Fury / Natasha Ngan [Read; Audio; book 526659] | Girls on Fire / Robin Wasserman [Want to Read; Book; book 519883]
System Collapse (Dramatized Adaptation)	Martha Wells	2025-06-17	2025-06-17	unmatched—review candidates								B0CXJVVGQQ		System Collapse / Martha Wells, Kevin R. Free (Narrator), Jaime Jones (Cover Artist) [Read; Audio; book 462038] | All Systems Red / Martha Wells [Read; Book; book 427971] | Artificial Condition / Martha Wells [Read; Book; book 427537]
A Whisper of Solace	Milena McKay	2025-06-24	2025-06-24	unmatched—review candidates								B0BFJTWJZM		The Headmistress / Milena McKay [Want to Read; Ebook; book 1225206] | Reverence / Milena McKay, Abby Craden (Narrator) [Want to Read; Audio; book 1659337] | Winter Solstice / Andrea Parsneau (Narrator), pirateaba [Read; Audio; book 446666]
Silver in the Wood & Drowned Country	Emily Tesh	2025-06-27	2025-06-27	unmatched—review candidates								1705235506		Silver in the Wood / Emily Tesh [Read; Book; book 448971] | Drowned Country / Emily Tesh [Read; Book; book 461995] | Some Desperate Glory / Emily Tesh [Read; Book; book 465106]
Tales from the Folly	Charlaine Harris - introduction, Ben Aaronovitch	2025-06-27	2025-06-27	unmatched—review candidates								1705269524		Tales from the Folly: A Rivers of London Short Story Collection / Ben Aaronovitch [Read; Book; book 476538] | Tales from Earthsea / Ursula K. Le Guin [Read; Book; book 457055] | Thorns From The Fall / Allie Shae (Narrator), Robert Hatchet (Narrator), Jess Wisecup [Read; Audio; book 2177336]
Roseland, Volume 1	Eric Ugland	2025-06-27	2025-06-27	unmatched—review candidates								1774243997		Skull and Thrones / Eric Ugland [Read; Ebook; book 638177] | Of Slicing Men / Eric Ugland [Read; Ebook; book 995394] | Dukes and Ladders / Eric Ugland [Read; Book; book 637921]
Forge of Destiny: Volume 2	Yrsillar	2025-06-27	2025-06-27	unmatched—review candidates								1039402305	9781039402300	Sword of Destiny / Peter Kenny (Narrator), David   French (Translator), Andrzej Sapkowski [Want to Read; Audio; book 445143] | Vigor Mortis: Volume 2 / Jessica Almasy (Narrator), Natalie Maher, Thundamoo [Read; Audio; book 917433] | Vigor Mortis: Volume 3 / Jessica Almasy (Narrator), Natalie Maher, Thundamoo [Read; Audio; book 769307]
Junkyard Roadhouse	Faith Hunter	2025-06-28	2025-06-28	unmatched—review candidates								B0D6HCRSK1		Junkyard Cats / Faith Hunter, Khristine Hvam [Read; Book; book 982520] | Junkyard War / Faith Hunter, Khristine Hvam (Narrator) [Read; Audio; book 1107799] | Junkyard Bargain / Faith Hunter [Read; Audio; book 476409]
The Tyranny of the Night	Glen Cook	2025-06-28	2025-06-28	unmatched—review candidates								B007RQ1SMO		The Tyranny of the Night / Lord of the Silent Kingdom / Surrender to the Will of the Night / Working God's Mischief / Glen Cook [Read; Book; book 457608] | Surrender to the Will of the Night / Glen Cook [Read; Book; book 459511] | The White Rose / Keith Berdak (Cover Artist), Glen Cook [Read; Book; book 446115]
Wild Geese	Soula Emmanuel	2025-06-28	2025-06-27	unmatched—review candidates								B0CGVPG4D2		Wild Things /  [Want to Read; Book; book 1545363] | Willa & Hesper / Amy Feltman [Read; Book; book 449682] | Wilder Girls / Rory Power [Want to Read; Book; book 368716]
The Last One	Fatima Daas	2025-06-29	2025-06-29	unmatched—review candidates								B09W5Z2RWF	9798200998043	The Last Nude / Ellis Avery [Want to Read; Book; book 35315] | The Stone Sky / N. K. Jemisin [Read; Book; book 427884] | The Last Unicorn / Patrick Rothfuss (Introduction), Peter S. Beagle [Want to Read; Book; book 427357]
Port of Shadows	Glen Cook	2025-07-01	2025-07-01	unmatched—review candidates								B07CZ16R7N		Shadow Games / Glen Cook, Keith Berdak (Cover Artist) [Read; Book; book 445955] | Knot of Shadows / Lois McMaster Bujold [Read; Book; book 696198] | Shadows Linger / Glen Cook, Keith Berdak (Cover Artist) [Read; Book; book 446111]
The Silver Spike	Glen Cook	2025-07-01	2025-07-01	unmatched—review candidates								B003VW2Z5M		The White Rose / Keith Berdak (Cover Artist), Glen Cook [Read; Book; book 446115] | Soldiers Live / Glen Cook, Nicholas Jainschigg (Cover Artist) [Read; Book; book 446113] | The Dragon Never Sleeps / Glen Cook [Read; Book; book 551540]
Perdido Street Station	China Mieville	2025-07-01	2025-07-01	unmatched—review candidates								B002V1O2OG		October: The Story of the Russian Revolution / China Miéville [Read; Book; book 442920] | Distortion / K.T. Hanna, Andrea Parsneau (Narrator) [Read; Audio; book 769458] | The City & The City / China Miéville, John Lee (Narrator) [Want to Read; Audio; book 438690]
Artemis	Andy Weir / cte Tereza Dockalova	2025-07-01	2025-07-01	unmatched—review candidates										Artemis / Andy Weir [Read; Book; book 99422] | Artemis Fowl / Eoin Colfer, Nathaniel Parker (Narrator) [Want to Read; Audio; book 430949] | Earthlings / Ginny Tapley Takemori (Translator), Sayaka Murata [Want to Read; Book; book 428541]
Dead Lies Dreaming	Charles Stross	2025-07-01	2025-05-22	unmatched—review candidates								198009876X		Dead Rising / Debra Dunbar [Read; Book; book 496530] | Deadstream / Mar Romasco-Moore [Want to Read; Book; book 1479276] | The Annihilation Score / Charles Stross [Read; Ebook; book 351361]
Quantum of Nightmares	Charles Stross	2025-07-01	2025-05-22	unmatched—review candidates								B09CBRBZHT		The Nightmare Stacks / Charles Stross [Read; Book; book 463508] | The Atrocity Archives / Charles Stross [Read; Ebook; book 21233] | Muse of Nightmares / Laini Taylor [Read; Book; book 202648]
Season of Skulls	Charles Stross	2025-07-01	2025-05-22	unmatched—review candidates								B0BZ956S3Z		Season of Storms / Andrzej Sapkowski, David French (Translator), Peter Kenny (Narrator) [Want to Read; Audio; book 461967] | Season of Love / Helena Greer [Want to Read; Book; book 503759] | A Conventional Boy / Charles Stross [Read; Book; book 1612299]
Fantasy Swap Online, Book 1	Alyson Belle	2025-07-01	2025-07-01	unmatched—review candidates								B079P6CMG7		Forever Fantasy Online / Rachel Aaron, Travis Bach [Read; Book; book 507292] | Water Kanin: Glass Kanin, Book 3 / Kia Leep, Daniel Henning (Narrator) [Read; Audio; book 2187574] | Splinter Angel: Book 1 / AvaritiaBona, Jessica Threet (Narrator) [Read; Audio; book 2065615]
Unworthy	J.A. Vodvarka	2025-07-04	2025-07-04	unmatched—review candidates								B0DT2BVPHV	9798895398265	Unworthy: The Blacksea Odyssey Book 1 / J.A. Vodvarka [Read; Ebook; book 1190851] | The Unworthy / Agustina Bazterrica, Sarah Moses (Translator) [Want to Read; Book; book 1477434] | Unyielding / J.A. Vodvarka, Paige Reisenfeld (Narrator), Wayne Mitchell (Narrator) [Read; Audio; book 1777137]
Unbound	J.A. Vodvarka	2025-07-11	2025-07-10	unmatched—review candidates								B0F2GFXHX2	9798895398272	Unbound: The Blacksea Odyssey Book 2 / J.A. Vodvarka, Paige Reisenfeld (Narrator), Wayne Mitchell (Narrator) [Read; Audio; book 1726601] | Sunburn / Chloe Michelle Howarth, Toni O'Rourke (Narrator) [Read; Audio; book 876729] | Rebound / K.T. Hanna, Andrea Parsneau (Narrator) [Read; Audio; book 1806683]
Magica Riot (Maidensong Magica Book 1)	Kara  Buchanan	2025-07-18	2025-07-18	unmatched—review candidates									9798218520090	Magica Riot / Kara  Buchanan, Emma Martello (Narrator) [Read; Audio; book 1644317] | Magic for Nothing / Seanan McGuire [Read; Ebook; book 461498] | Magical Girl Mechanical Heart: Volume 1 / Natalie Maher, Marissa Parness (Narrator) [Read; Audio; book 1947394]
The Assassin's Blade	Sarah J. Maas	2025-07-21	2025-07-21	unmatched—review candidates								1547608781	9781547608782	The Assassins of Altis / Jack Campbell [Want to Read; Book; book 606651] | The Silent Blade / R. A. Salvatore [Want to Read; Book; book 446027] | Throne of Glass / Sarah J. Maas [Read; Book; book 39629]
His Dark Materials: The Golden Compass	Philip Pullman	2025-07-22	2025-07-22	unmatched—review candidates								B0D9C9BMTW		The Golden Compass / Philip Pullman [Read; Book; book 355708] | The Amber Spyglass / Philip Pullman, Christopher Wormell (Illustrator) [Read; Book; book 477834] | The Subtle Knife / Philip Pullman [Read; Audio; book 198704]
The Sharing Knife, Volume 1	Lois McMaster Bujold	2025-07-22	2025-07-22	unmatched—review candidates								B002V8KZAE	9781624608247	The Sharing Knife / Beguilement and Legacy / Lois McMaster Bujold [Read; Book; book 1612318] | The Spirit Ring / Lois McMaster Bujold [Read; Book; book 326787] | The Vor Game / Lois McMaster Bujold [Read; Book; book 458118]
The Sharing Knife, Volume 2	Lois McMaster Bujold	2025-07-22	2025-07-22	unmatched—review candidates								B002VA9SVO		The Sharing Knife / Beguilement and Legacy / Lois McMaster Bujold [Read; Book; book 1612318] | The Spirit Ring / Lois McMaster Bujold [Read; Book; book 326787] | The Vor Game / Lois McMaster Bujold [Read; Book; book 458118]
The Sharing Knife, Volume 3	Lois McMaster Bujold	2025-07-22	2025-07-22	unmatched—review candidates								B002VA8X3I		The Sharing Knife / Beguilement and Legacy / Lois McMaster Bujold [Read; Book; book 1612318] | The Spirit Ring / Lois McMaster Bujold [Read; Book; book 326787] | The Vor Game / Lois McMaster Bujold [Read; Book; book 458118]
The Sharing Knife, Vol. 4: Horizon	Lois McMaster Bujold	2025-07-22	2025-07-22	unmatched—review candidates								B002V9XB6I		The Sharing Knife / Beguilement and Legacy / Lois McMaster Bujold [Read; Book; book 1612318] | Horizon / Lois McMaster Bujold [Read; Book; book 182034] | The Curse of Chalion / Lois McMaster Bujold [Read; Book; book 146704]
City of Lust	Debra Dunbar	2025-07-26	2025-07-26	unmatched—review candidates								B07M95LN7L		City of Laughter /  [Read; Book; book 1061514] | Kingdom of Lies / Debra Dunbar [Read; Book; book 612350] | City of Illusions / Ursula K. Le Guin [Read; Book; book 441798]
Terciel & Elinor	Garth Nix	2025-07-31	2025-07-31	unmatched—review candidates								0593555287		Terciel and Elinor / Garth Nix [Read; Book; book 445758] | Sabriel / Garth Nix [Read; Book; book 118111] | Clariel / Garth Nix, Graeme Malcolm (Reading) [Read; Audio; book 436344]
House of Sky and Breath (Part 1 of 2) (Dramatized Adaptation)	Sarah J. Maas	2025-08-07	2025-08-07	unmatched—review candidates								B0D3R2WQQ1	9798890551993	House of Sky and Breath / Elizabeth Evans (Narrator), Sarah J. Maas [Read; Ebook; book 429093] | A Court of Frost and Starlight [Dramatized Adaptation] / Sarah J. Maas, Colleen Delany (Other), Melody Muze (Narrator), Anthony Palmini (Narrator), Jon Vertullo (Narrator), Amanda Forstrom (Narrator), Shawn K. Jain (Narrator), Nora Achrati (Narrator), Karenna Foley (Narrator), Gabriel Michael (Narrator), Natalie Van Sistine (Narrator), Eva Wilhelm (Narrator), Henry W. Kramer (Narrator) [Want to Read; Audio; book 1715532] | House of Flame and Shadow / Elizabeth Evans (Narrator), Sarah J. Maas [Read; Audio; book 746152]
House of Sky and Breath (Part 2 of 2) (Dramatized Adaptation)	Sarah J. Maas	2025-08-07	2025-08-07	unmatched—review candidates								B0D9PG137D	9798890552716	House of Sky and Breath / Elizabeth Evans (Narrator), Sarah J. Maas [Read; Ebook; book 429093] | A Court of Frost and Starlight [Dramatized Adaptation] / Sarah J. Maas, Colleen Delany (Other), Melody Muze (Narrator), Anthony Palmini (Narrator), Jon Vertullo (Narrator), Amanda Forstrom (Narrator), Shawn K. Jain (Narrator), Nora Achrati (Narrator), Karenna Foley (Narrator), Gabriel Michael (Narrator), Natalie Van Sistine (Narrator), Eva Wilhelm (Narrator), Henry W. Kramer (Narrator) [Want to Read; Audio; book 1715532] | House of Flame and Shadow / Elizabeth Evans (Narrator), Sarah J. Maas [Read; Audio; book 746152]
Azarinth Healer: Book One: A LitRPG Adventure	Rhaegar	2025-08-07	2025-08-07	unmatched—review candidates								B0BLZNZ47B		Azarinth Healer: Book One / Rhaegar [Read; Book; book 638219] | Azarinth Healer: Book Four / Rhaegar [Read; Ebook; book 1458149] | Azarinth Healer: Book Five / Rhaegar, Andrea Parsneau (Narrator) [Read; Audio; book 1844380]
Freehaven Online: Lady Thunderlord, Into Hades	Jun Prince	2025-08-14	2025-08-14	unmatched—review candidates								B07N6JX8L6		Lady Thunderlord, Into Hades / Jun Prince, Amy Landon (Narrator) [Read; Audio; book 1853291] | Winter Dungeonland / Jun Prince, Amy Landon (Narrator) [Read; Audio; book 1853294] | Burning Girls and Other Stories / Veronica Schanoes, Cassandra Campbell (Narrator) [Read; Audio; book 449036]
Freehaven Online: Winter Dungeonland	Jun Prince	2025-08-15	2025-08-15	unmatched—review candidates								B087T4S9C2		Winter Dungeonland / Jun Prince, Amy Landon (Narrator) [Read; Audio; book 1853294] | Even Though I Knew the End / January LaVoy (Narrator), C.L. Polk [Read; Audio; book 455003] | Lady Thunderlord, Into Hades / Jun Prince, Amy Landon (Narrator) [Read; Audio; book 1853291]
The Oleander Sword	Tasha Suri	2025-08-26	2025-08-25	unmatched—review candidates								B09SBRW7GK		Oleander Sword / Shiromi Arserio (narrator), Tasha Suri [Read; Audio; book 459832] | The Isle in the Silver Sea / Tasha Suri [Read; Audio; book 1686291] | The Lotus Empire / Tasha Suri, Shiromi Arserio (narrator) [Read; Book; book 1184306]
Bared Before the Gods	Alyson Belle	2025-08-29	2025-08-29	unmatched—review candidates								B07L6VPG6G		Before I Let Go / Marieke Nijkamp [Want to Read; Book; book 364254] | Before They Are Hanged / Joe Abercrombie [Read; Book; book 434460] | A Prayer for the Crown-Shy / Em Grosland (Narrator), Becky Chambers [Read; Audio; book 460092]
Becoming Hers	Alyson Belle	2025-08-29	2025-08-29	unmatched—review candidates								B07HXT1V54		Wrath Becomes Her / Aden Polydoros [Want to Read; Book; book 746658] | Crownchasers / Rebecca Coffindaffer [Want to Read; Book; book 448077] | The Midnight Girls / Alicia Jasinska [Want to Read; Book; book 450328]
Pleasure Bound	Alyson Belle	2025-08-29	2025-08-29	unmatched—review candidates								B07BDM2VFV		Rebound / K.T. Hanna, Andrea Parsneau (Narrator) [Read; Audio; book 1806683] | Faebound / Saara El-Arifi [Read; Book; book 969050] | Spell Bound / F. T. Lukens [Want to Read; Book; book 456267]
Dragon Lady: A Gender Swapped LitRPG Adventure	Alyson Belle	2025-08-29	2025-08-29	unmatched—review candidates								B07CMJWV6Z		Andy in the Apocalypse 2: A LitRPG Adventure / Plum Parrot, J.S. Arquin (Narrator) [Read; Audio; book 2873940] | Damaged: A Magical Library LitRPG Adventure / K.T. Hanna [Read; Audio; book 1688382] | Glass Kanin An Isekai LitRPG Adventure / Daniel Henning (Narrator), Kia Leep [Read; Audio; book 2063735]
House of Flame and Shadow (Part 2 of 2) (Dramatized Adaptation)	Sarah J. Maas	2025-09-01	2025-09-01	unmatched—review candidates								B0DT1MBTXC	9798890556240	House of Flame and Shadow / Elizabeth Evans (Narrator), Sarah J. Maas [Read; Audio; book 746152] | A Court of Frost and Starlight [Dramatized Adaptation] / Sarah J. Maas, Colleen Delany (Other), Melody Muze (Narrator), Anthony Palmini (Narrator), Jon Vertullo (Narrator), Amanda Forstrom (Narrator), Shawn K. Jain (Narrator), Nora Achrati (Narrator), Karenna Foley (Narrator), Gabriel Michael (Narrator), Natalie Van Sistine (Narrator), Eva Wilhelm (Narrator), Henry W. Kramer (Narrator) [Want to Read; Audio; book 1715532] | House of Sky and Breath / Elizabeth Evans (Narrator), Sarah J. Maas [Read; Ebook; book 429093]
House of Flame and Shadow (Part 1 of 2) (Dramatized Adaptation)	Sarah J. Maas	2025-09-01	2025-09-01	unmatched—review candidates								B0DJN2L3DC	9798890553218	House of Flame and Shadow / Elizabeth Evans (Narrator), Sarah J. Maas [Read; Audio; book 746152] | A Court of Frost and Starlight [Dramatized Adaptation] / Sarah J. Maas, Colleen Delany (Other), Melody Muze (Narrator), Anthony Palmini (Narrator), Jon Vertullo (Narrator), Amanda Forstrom (Narrator), Shawn K. Jain (Narrator), Nora Achrati (Narrator), Karenna Foley (Narrator), Gabriel Michael (Narrator), Natalie Van Sistine (Narrator), Eva Wilhelm (Narrator), Henry W. Kramer (Narrator) [Want to Read; Audio; book 1715532] | House of Sky and Breath / Elizabeth Evans (Narrator), Sarah J. Maas [Read; Ebook; book 429093]
Loose Kanin	Kia Leep	2025-09-10	2025-09-10	unmatched—review candidates								B0DX3ZLKTF	9781039490765	Loose Kanin: Book 2 of Glass Kanin / Daniel Henning (Narrator), Kia Leep [Read; Audio; book 2063952] | Water Kanin: Glass Kanin, Book 3 / Kia Leep, Daniel Henning (Narrator) [Read; Audio; book 2187574] | Glass Kanin An Isekai LitRPG Adventure / Daniel Henning (Narrator), Kia Leep [Read; Audio; book 2063735]
The Midnight Shift	Seon-Ran Cheon, Gene Png - translator	2025-09-12	2025-09-12	unmatched—review candidates								B0F4KWNV6Y	9781639735983	The Midnight Shift / Cheon Seon-ran, Gene Png (Translator) [Read; Ebook; book 1813562] | The Midnight Lie / Marie Rutkoski [Read; Book; book 1377481] | The Midnight Girls / Alicia Jasinska [Want to Read; Book; book 450328]
The Taste of Women	Cyan LeBlanc	2025-09-14	2025-09-13	unmatched—review candidates								B0CJXD13KN		The Stars Too Fondly / Emily Hamilton [Want to Read; Book; book 1217626] | The Taste of Her Silence / Quinn  Riley (Narrator), Sara   Scott [Read; Audio; book 1827820] | The Trade of Queens / Charles Stross [Read; Book; book 89047]
Bioshifter: Volume 3	Thundamoo, Natalie Maher	2025-09-20	2025-09-20	unmatched—review candidates								B0DFDXKSZH		Bioshifter: Volume 1 / Natalie  Maher, Thundamoo, Sarah Beth Pfeifer [Read; Audio; book 917367] | Bioshifter: Volume 2 / Natalie Maher, Thundamoo, Sarah Beth Pfeifer [Read; Audio; book 1947420] | Vigor Mortis: Volume 3 / Jessica Almasy (Narrator), Natalie Maher, Thundamoo [Read; Audio; book 769307]
Vigor Mortis: Volume 1	Natalie Maher, Thundamoo	2025-09-21	2025-09-20	unmatched—review candidates								B09HL9HBB7		Vigor Mortis: Volume 2 / Jessica Almasy (Narrator), Natalie Maher, Thundamoo [Read; Audio; book 917433] | Vigor Mortis: Volume 3 / Jessica Almasy (Narrator), Natalie Maher, Thundamoo [Read; Audio; book 769307] | Vigor Mortis: Volume 4 / Helen Laser (Narrator), Natalie Maher, Thundamoo [Read; Audio; book 1459831]
Gender Swapped in Space	Alyson Belle	2025-09-24	2025-09-24	unmatched—review candidates								B07BLQ2V6M		Gunner's Apprentice / Brent Weeks [Want to Read; Ebook; book 460837] | Tender Points / Amy Berkowitz [Want to Read; Book; book 51423] | Ender's Game / Orson Scott Card [Read; Ebook; book 158268]
I Keep My Exoskeletons to Myself	Marisa Crane	2025-10-14	2025-10-14	unmatched—review candidates								B0BHNSTYMZ		I Keep My Exoskeletons to Myself / Mac Crane [Read; Book; book 652427] | Skeleton Song / Seanan McGuire [Want to Read; Ebook; book 584756] | You Belong to Me / Hayley Krischer [Want to Read; Book; book 1479231]
A Study in Honor	Claire O'Dell	2025-10-14	2025-10-14	unmatched—review candidates								B07DDM46S1		A Study in Honor (The Janet Watson Chronicles, #1) / Claire O'Dell [Read; Book; book 450857] | A Study in Drowning / Saskia Maarleveld (Narrator), Ava Reid [Want to Read; Audio; book 503761] | Ashes of Honor / Seanan McGuire [Read; Ebook; book 461561]
Bat Eater and Other Names for Cora Zeng	Kylie Lee Baker	2025-10-15	2025-10-15	unmatched—review candidates								B0D3RBN58J		Bat eater / Kylie Lee Baker [Read; Book; book 2356653] | Japanese Gothic / Kylie Lee Baker, Natalie Naudus (Narrator) [Read; Audio; book 2101034] | Harry Potter and the Prisoner of Azkaban / J.K. Rowling [Read; Book; book 376219]
Library at Mount Char	Scott Hawkins	2025-10-17	2025-10-16	unmatched—review candidates								B00XV1B3CY	9781622317738	The Library at Mount Char / Scott Hawkins, Hillary Huber (Narrator) [Read; Audio; book 376472] | The Library at Hellebore / Cassandra Khaw [Currently Reading; Book; book 1562198] | Barbary Station / R.E. Stearns [Want to Read; Book; book 469536]
PERfunctory afFECTION	Kim Harrison	2025-10-18	2025-10-18	unmatched—review candidates								1977389201		A Perfect Blood / Kim Harrison [Read; Book; book 103773] | For a Few Demons More / Kim Harrison [Read; Book; book 37732] | American Demon / Kim Harrison [Want to Read; Book; book 459465]
Water Kanin	Kia Leep	2025-11-19	2025-11-18	unmatched—review candidates								B0FYQXWSNM	9781039490772	Water Kanin: Glass Kanin, Book 3 / Kia Leep, Daniel Henning (Narrator) [Read; Audio; book 2187574] | Weatherman / Lois McMaster Bujold [Read; Book; book 468419] | Fate's Reckoning / Plum Parrot, Suzy Jackson (narrator) [Read; Audio; book 1758334]
Valencia	Maggie Nelson -foreword, Michelle Tea	2025-11-23	2025-11-23	unmatched—review candidates								B0F4SVFWYP	9781668652978	Valencia / Michelle Tea, Abby Craden (Narrator), Maggie Nelson (Narrator) [Read; Audio; book 652587] | VenCo / Cherie Dimaline [Read; Book; book 555833] | Balance / Seanan McGuire [Want to Read; Book; book 995808]
With a Flip of the Coin	Steven Jay Howe Jr.	2025-12-02	2025-12-02	unmatched—review candidates								B0FHBK1N7K		The Fifth Season / N. K. Jemisin [Read; Book; book 427825] | The Angel of the Crows / Katherine Addison [Want to Read; Book; book 448672] | The Name of the Wind / Patrick Rothfuss [Read; Book; book 379217]
The Last Jews of Kerala	Edna Fernandes	2025-12-12	2025-12-11	unmatched—review candidates								B00B8ACIBK		The Last Jews of Kerala: The 2,000 Year History of India's Forgotten Jewish Community / Edna Fernandes, Leslie Bellair (Narrator) [Read; Audio; book 1557376] | The Last Jew of Treblinka / Chil Rajchman [Want to Read; Book; book 799494] | The Last Threshold / R. A. Salvatore [Want to Read; Book; book 446745]
The Brain That Changes Itself	Norman Doidge M.D.	2025-12-26	2025-12-25	unmatched—review candidates								0593293983	9780593293980	The Brain That Changes Itself: Stories of Personal Triumph from the Frontiers of Brain Science / Jim Bond (Narrator), Norman Doidge [Read; Audio; book 87297] | The Blade Itself / Joe Abercrombie [Read; Book; book 383404] | The Mermaid, the Witch, and the Sea / Maggie Tokuda-Hall [Read; Book; book 111330]
Hardwiring Happiness	Rick Hanson PhD	2025-12-29	2025-12-26	unmatched—review candidates								B00EZ5NS28	9780804128148	Hardwiring Happiness: The New Brain Science of Contentment, Calm, and Confidence / Rick Hanson (Narrator), Rick Hanson [Read; Audio; book 464922] | The Carrying: Poems / Ada Limón [Want to Read; Book; book 711500] | The Starving Saints / Caitlin  Starling [Read; Audio; book 1522096]
Rewire Your Brain 2.0 (2nd Edition)	John B. Arden PhD ABPP	2025-12-30	2025-12-27	unmatched—review candidates								B0BZFHPVNF		Rewire Your Brain 2.0 / John B. Arden, Paul Heitsch (Narrator) [Read; Audio; book 854737] | Fluent Forever (Revised Edition) / Gabriel Wyner [Read; Ebook; book 1796533] | Prelude to Foundation / Isaac Asimov, Scott Brick (Narrator) [Want to Read; Audio; book 435146]
Reclamation	Kristen Zimmer	2026-01-24	2026-01-23	unmatched—review candidates								B0FFKD7MQW	9798331994662	Revelation / V.A.  Lewis, Melas Delta [Read; Ebook; book 1760730] | Dread Nation / Justina Ireland [Want to Read; Book; book 202662] | Evocation / S.T. Gibson, Oscar Reyes (Narrator) [Read; Audio; book 969063]
Falling with Folded Wings: A LitRPG Progression Fantasy	Plum Parrot	2026-03-17	2026-03-17	unmatched—review candidates								B0BKBKJ55L	9781039416796	Falling with Folded Wings (Book 1): A LitRPG Progression Fantasy / Plum Parrot, Christian J. Gilliland (narrator) [Read; Audio; book 684600] | Earthshaker: A LitRPG Progression Fantasy / Plum Parrot, Robb Moreira (Narrator) [Read; Audio; book 1821351] | Falling with Folded Wings 2 / Plum Parrot, Christian J. Gilliland (narrator) [Read; Audio; book 1822823]
Heart of Dorkness	RavensDagger	2026-04-21	2026-04-21	unmatched—review candidates								B0GT1VNJ6X	9781039487673	Heart of Dorkness, Book 1 / RavensDagger, Karla Serrato (Narrator) [Read; Audio; book 768914] | The Agartha Loop: Loop One / Tess Irondale (Narrator), RavensDagger [Read; Audio; book 1638096] | Heart of Dust / H.L. Moore [Read; Ebook; book 1491861]
Cinnamon Bun: Volume 2	RavensDagger	2026-04-25	2026-04-24	unmatched—review candidates								1774247917		Cinnamon Bun / RavensDagger, Reba Buhr (Narrator) [Read; Audio; book 995374] | Cinnamon Bun 2 / Reba Buhr (Narrator), RavensDagger [Read; Audio; book 500630] | Cinnamon Bun 3 / Reba Buhr (Narrator), RavensDagger [Read; Audio; book 769485]
Cinnamon Bun: Volume 3	RavensDagger	2026-04-26	2026-04-25	unmatched—review candidates								1039404332		Cinnamon Bun / RavensDagger, Reba Buhr (Narrator) [Read; Audio; book 995374] | Cinnamon Bun 3 / Reba Buhr (Narrator), RavensDagger [Read; Audio; book 769485] | Cinnamon Bun 2 / Reba Buhr (Narrator), RavensDagger [Read; Audio; book 500630]
Cinnamon Bun: Volume 4	RavensDagger	2026-04-26	2026-04-26	unmatched—review candidates								B0BLGYBT7B		Cinnamon Bun / RavensDagger, Reba Buhr (Narrator) [Read; Audio; book 995374] | Cinnamon Bun 4 / RavensDagger, Reba Buhr (Narrator) [Read; Audio; book 769309] | Cinnamon Bun 2 / Reba Buhr (Narrator), RavensDagger [Read; Audio; book 500630]
Dead Tired I	RavensDagger	2026-04-27	2026-04-22	unmatched—review candidates								B0CP2T1M1Y		Dead Tired II / Justin Thomas James (Narrator), Dorrie Sacks (Narrator), Jeff Hays (Narrator), Annie Ellicott (Narrator), Gary Furlong (Narrator), RavensDagger [Read; Audio; book 1126422] | Dead Tired III / Justin Thomas James (Narrator), Jeff Hays (Narrator), Annie Ellicott (Narrator), Dorrie Sacks (Narrator), Gary Furlong (Narrator), RavensDagger [Read; Audio; book 1759544] | Dead Tired 1 / RavensDagger, Justin Thomas James (Narrator), Dorrie Sacks (Narrator), Tiana Camacho (Narrator), Jeff Hays (Narrator) [Read; Audio; book 1098729]
Cinnamon Bun: Volume 5	RavensDagger	2026-04-27	2026-04-26	unmatched—review candidates								B0BRBPNWJ9	9781039424876	Cinnamon Bun / RavensDagger, Reba Buhr (Narrator) [Read; Audio; book 995374] | Cinnamon Bun 5 / Reba Buhr (Narrator), RavensDagger [Read; Audio; book 1459848] | Cinnamon Bun 2 / Reba Buhr (Narrator), RavensDagger [Read; Audio; book 500630]
The Agartha Loop	RavensDagger	2026-04-27	2026-04-27	unmatched—review candidates								B0DDMNXCRB	9781039491700	The Agartha Loop: Loop One / Tess Irondale (Narrator), RavensDagger [Read; Audio; book 1638096] | The Agartha Loop: Loop Two / Tess Irondale (Narrator), RavensDagger [Read; Audio; book 1638076] | Heart of Dorkness, Book 1 / RavensDagger, Karla Serrato (Narrator) [Read; Audio; book 768914]
The Agartha Loop 2	RavensDagger	2026-04-28	2026-04-27	unmatched—review candidates								B0DWZP5QLC	9798895395417	The Agartha Loop: Loop One / Tess Irondale (Narrator), RavensDagger [Read; Audio; book 1638096] | The Agartha Loop: Loop Two / Tess Irondale (Narrator), RavensDagger [Read; Audio; book 1638076] | Stray Cat Strut 2 / RavensDagger [Read; Audio; book 918825]
Sporemageddon Vol. 1	RavensDagger	2026-04-28	2026-04-28	unmatched—review candidates								B0CBNF8GCZ	9781039431508	Sporemageddon / Savy Des-Etages (Narrator), RavensDagger [Read; Audio; book 769366] | Sporemageddon 2 / RavensDagger [Read; Audio; book 1459829] | Sporemageddon Vol. 3: Penicillium / Savy Des-Etages (Narrator), RavensDagger [Read; Audio; book 1948469]
Sporemageddon Vol. 2	RavensDagger	2026-04-29	2026-04-28	unmatched—review candidates								B0CJ5W79QZ		Sporemageddon 2 / RavensDagger [Read; Audio; book 1459829] | Sporemageddon / Savy Des-Etages (Narrator), RavensDagger [Read; Audio; book 769366] | Sporemageddon Vol. 3: Penicillium / Savy Des-Etages (Narrator), RavensDagger [Read; Audio; book 1948469]
Fleabag 3: A Monster Evolution LitRPG	SomeoneToForget	2026-05-08	2026-05-07	unmatched—review candidates								B0G3YMPVJ5	9781039442672	Fleabag: A Monster Evolution LitRPG / SomeoneToForget [Read; Book; book 1173884] | Fleabag 2: A Monster Evolution LitRPG / SomeoneToForget, Armen Taylor (Narrator) [Read; Audio; book 2224716] | Fleabag 3: A Monster Evolution LitRPG: Fleabag, Book 3 / SomeoneToForget, Armen Taylor (Narrator) [Read; Audio; book 2606503]
