title	action	edit_url	edition_url	remaining	cover_file	start_date	finish_date	historical
Black Girl, Call Home	created audiobook	https://hardcover.app/editions/33300371/edit	https://hardcover.app/books/black-girl-call-home/editions/33300371	Upload cover	output/2026-09-11/hardcover-audit/remaining-repairs/covers/black-girl-call-home-54260859.jpg	2025-05-06	2025-05-06	False
Quill and Still	existing audiobook	https://hardcover.app/editions/32091845/edit	https://hardcover.app/books/quill-and-still/editions/32091845	None	output/2026-09-11/hardcover-audit/remaining-repairs/covers/quill-and-still-e9ba5841.jpg	2025-05-07	2025-05-09	False
Shifting Shadows	created audiobook	https://hardcover.app/editions/33300372/edit	https://hardcover.app/books/shifting-shadows/editions/33300372	Upload cover	output/2026-09-11/hardcover-audit/remaining-repairs/covers/shifting-shadows-9e637394.jpg	2025-05-19	2025-05-19	False
Accidental Duelist	existing audiobook	https://hardcover.app/editions/31793689/edit	https://hardcover.app/books/accidental-duelist/editions/31793689	Upload cover	output/2026-09-11/hardcover-audit/remaining-repairs/covers/accidental-duelist-5d5930c5.jpg	2025-05-19	2025-05-19	False
Accidental Raider	existing audiobook	https://hardcover.app/editions/31793688/edit	https://hardcover.app/books/accidental-raider/editions/31793688	Upload cover	output/2026-09-11/hardcover-audit/remaining-repairs/covers/accidental-raider-114d329d.jpg	2025-05-19	2025-05-19	False
Accidental Dragoon	existing audiobook	https://hardcover.app/editions/31793686/edit	https://hardcover.app/books/accidental-dragoon/editions/31793686	Upload cover	output/2026-09-11/hardcover-audit/remaining-repairs/covers/accidental-dragoon-6d36db91.jpg	2025-05-19	2025-05-19	False
Goddess Reborn!	created audiobook	https://hardcover.app/editions/33300373/edit	https://hardcover.app/books/goddess-reborn-2023/editions/33300373	Upload cover	output/2026-09-11/hardcover-audit/remaining-repairs/covers/goddess-reborn-042c9400.jpg	2025-05-22	2025-05-22	False
Goddess Descension	created audiobook	https://hardcover.app/editions/33300374/edit	https://hardcover.app/books/goddess-descension-2024/editions/33300374	Upload cover	output/2026-09-11/hardcover-audit/remaining-repairs/covers/goddess-descension-cded1acb.jpg	2025-05-22	2025-05-22	False
Goddess Rising	created audiobook	https://hardcover.app/editions/33300375/edit	https://hardcover.app/books/goddess-rising/editions/33300375	Upload cover	output/2026-09-11/hardcover-audit/remaining-repairs/covers/goddess-rising-0470effe.jpg	2025-05-22	2025-05-22	False
Night Angel Nemesis	existing audiobook	https://hardcover.app/editions/32716118/edit	https://hardcover.app/books/night-angel-nemesis/editions/32716118	Upload cover	output/2026-09-11/hardcover-audit/remaining-repairs/covers/night-angel-nemesis-9786aa69.jpg	2025-05-22	2025-05-22	False
Forge of Destiny	existing audiobook	https://hardcover.app/editions/33215076/edit	https://hardcover.app/books/forge-of-destiny-volume-1/editions/33215076	None	output/2026-09-11/hardcover-audit/remaining-repairs/covers/forge-of-destiny-61014a9c.jpg	2025-05-22	2025-05-22	False
This Quest Is Broken!	existing audiobook	https://hardcover.app/editions/33224146/edit	https://hardcover.app/books/this-quest-is-broken/editions/33224146	None	output/2026-09-11/hardcover-audit/remaining-repairs/covers/this-quest-is-broken-8510cb64.jpg	2025-05-22	2025-05-22	False
This Class Is Bonkers!	existing audiobook	https://hardcover.app/editions/33224145/edit	https://hardcover.app/books/this-class-is-bonkers/editions/33224145	None	output/2026-09-11/hardcover-audit/remaining-repairs/covers/this-class-is-bonkers-9bd2c2d7.jpg	2025-05-22	2025-05-22	False
This Guild Is Batty!	existing audiobook	https://hardcover.app/editions/33224144/edit	https://hardcover.app/books/this-guild-is-batty/editions/33224144	None	output/2026-09-11/hardcover-audit/remaining-repairs/covers/this-guild-is-batty-2adeb08f.jpg	2025-05-22	2025-05-22	False
This Plot Is Bananas!: A Comedy LitRPG Adventure (This Trilogy Is Broken, Book 4)	existing audiobook	https://hardcover.app/editions/33224143/edit	https://hardcover.app/books/this-plot-is-bananas/editions/33224143	None	output/2026-09-11/hardcover-audit/remaining-repairs/covers/this-plot-is-bananas-35f1cfe7.jpg	2025-05-22	2025-05-22	False
Lucifer's Daughter	created audiobook	https://hardcover.app/editions/33300377/edit	https://hardcover.app/books/lucifers-daughter/editions/33300377	Upload cover	output/2026-09-11/hardcover-audit/remaining-repairs/covers/lucifer-s-daughter-e27df6d5.jpg	2025-05-22	2025-05-22	False
How to Defeat a Demon King in Ten Easy Steps	existing audiobook	https://hardcover.app/editions/30407443/edit	https://hardcover.app/books/how-to-defeat-a-demon-king-in-ten-easy-steps/editions/30407443	None	output/2026-09-11/hardcover-audit/remaining-repairs/covers/how-to-defeat-a-demon-king-in-ten-easy-steps-006334b5.jpg	2025-05-22	2025-05-22	False
Soul Music	existing audiobook	https://hardcover.app/editions/32293063/edit	https://hardcover.app/books/soul-music/editions/32293063	None	output/2026-09-11/hardcover-audit/remaining-repairs/covers/soul-music-f151efa5.jpg	2025-05-22	2025-05-22	False
Oberon's Meaty Mysteries: The Squirrel on the Train	existing audiobook	https://hardcover.app/editions/30398306/edit	https://hardcover.app/books/the-squirrel-on-the-train/editions/30398306	None	output/2026-09-11/hardcover-audit/remaining-repairs/covers/oberon-s-meaty-mysteries-the-squirrel-on-the-train-98017f38.jpg	2025-05-22	2025-05-22	False
The Purloined Poodle	existing audiobook	https://hardcover.app/editions/32894879/edit	https://hardcover.app/books/the-purloined-poodle/editions/32894879	Upload cover	output/2026-09-11/hardcover-audit/remaining-repairs/covers/the-purloined-poodle-29daf17b.jpg	2025-05-22	2025-05-22	False
Word Puppets	created audiobook	https://hardcover.app/editions/33300379/edit	https://hardcover.app/books/word-puppets/editions/33300379	Upload cover	output/2026-09-11/hardcover-audit/remaining-repairs/covers/word-puppets-2732947a.jpg	2025-05-22	2025-05-22	False
Seasonal Fears	existing audiobook	https://hardcover.app/editions/32058227/edit	https://hardcover.app/books/seasonal-fears/editions/32058227	None	output/2026-09-11/hardcover-audit/remaining-repairs/covers/seasonal-fears-5573a8dd.jpg	2025-05-22	2025-05-22	False
Sinners on Sunset: Imp World	created audiobook	https://hardcover.app/editions/33300380/edit	https://hardcover.app/books/sinners-on-sunset/editions/33300380	Upload cover	output/2026-09-11/hardcover-audit/remaining-repairs/covers/sinners-on-sunset-imp-world-42e718d7.jpg	2025-05-22	2025-05-22	False
Exodus	created audiobook	https://hardcover.app/editions/33300381/edit	https://hardcover.app/books/exodus-d972826b-63ff-43a2-ba13-8a9e551c81bf/editions/33300381	Upload cover	output/2026-09-11/hardcover-audit/remaining-repairs/covers/exodus-8619ae4b.jpg	2025-05-22	2025-05-22	False
Queen of the Damned	created audiobook	https://hardcover.app/editions/33300383/edit	https://hardcover.app/books/queen-of-the-damned-2018/editions/33300383	Upload cover	output/2026-09-11/hardcover-audit/remaining-repairs/covers/queen-of-the-damned-f3335cfa.jpg	2025-05-22	2025-05-22	False
The Morning Star	created audiobook	https://hardcover.app/editions/33300384/edit	https://hardcover.app/books/the-morning-star-2018/editions/33300384	Upload cover	output/2026-09-11/hardcover-audit/remaining-repairs/covers/the-morning-star-3fdd8f5d.jpg	2025-05-22	2025-05-22	False
Unholy Pleasures	created audiobook	https://hardcover.app/editions/33300385/edit	https://hardcover.app/books/unholy-pleasures-2017/editions/33300385	Upload cover	output/2026-09-11/hardcover-audit/remaining-repairs/covers/unholy-pleasures-b0eda2f6.jpg	2025-05-22	2025-05-22	False
Freehaven Online: Dragonsbane	created audiobook	https://hardcover.app/editions/33300419/edit	https://hardcover.app/books/freehaven-online-dragonsbane/editions/33300419	Upload cover	output/2026-09-11/hardcover-audit/remaining-repairs/covers/freehaven-online-dragonsbane-fb7c7e52.jpg	2025-05-22	2025-05-22	False
It's Not What It Looks Like	created audiobook	https://hardcover.app/editions/33300386/edit	https://hardcover.app/books/its-not-what-it-looks-like/editions/33300386	Upload cover	output/2026-09-11/hardcover-audit/remaining-repairs/covers/it-s-not-what-it-looks-like-b8e7b66e.jpg	2025-05-22	2025-05-22	False
Even Tree Nymphs Get the Blues	existing audiobook	https://hardcover.app/editions/32635706/edit	https://hardcover.app/books/even-tree-nymphs-get-the-blues/editions/32635706	None	output/2026-09-11/hardcover-audit/remaining-repairs/covers/even-tree-nymphs-get-the-blues-1e45eb96.jpg	2025-05-22	2025-05-22	False
You Do You	existing audiobook	https://hardcover.app/editions/30449947/edit	https://hardcover.app/books/you-do-you-proud-to-be-fabulous/editions/30449947	None	output/2026-09-11/hardcover-audit/remaining-repairs/covers/you-do-you-1d937e45.jpg	2025-05-22	2025-05-22	False
Iron and Magic	created audiobook	https://hardcover.app/editions/33300388/edit	https://hardcover.app/books/iron-and-magic/editions/33300388	Upload cover	output/2026-09-11/hardcover-audit/remaining-repairs/covers/iron-and-magic-e753b542.jpg	2025-05-22	2025-05-22	False
Twain’s Feast	existing audiobook	https://hardcover.app/editions/32449340/edit	https://hardcover.app/books/twains-feast-a93c5d8d-af86-4d85-9ef0-7b17b880630f/editions/32449340	None	output/2026-09-11/hardcover-audit/remaining-repairs/covers/twain-s-feast-f64a7f85.jpg	2025-05-22	2025-05-22	False
We Are Legion (We Are Bob)	existing audiobook	https://hardcover.app/editions/30403937/edit	https://hardcover.app/books/we-are-legion/editions/30403937	None	output/2026-09-11/hardcover-audit/remaining-repairs/covers/we-are-legion-we-are-bob-c6af7537.jpg	2025-05-22	2025-05-22	False
Clean Sweep	created audiobook	https://hardcover.app/editions/33300389/edit	https://hardcover.app/books/clean-sweep/editions/33300389	Upload cover	output/2026-09-11/hardcover-audit/remaining-repairs/covers/clean-sweep-7e4f453f.jpg	2025-05-22	2025-05-22	False
Training Daze	created audiobook	https://hardcover.app/editions/33300390/edit	https://hardcover.app/books/kris-longknife-training-daze/editions/33300390	Upload cover	output/2026-09-11/hardcover-audit/remaining-repairs/covers/training-daze-44315d98.jpg	2025-05-22	2025-05-22	False
Last Breath	created audiobook	https://hardcover.app/editions/33300391/edit	https://hardcover.app/books/last-breath-2016/editions/33300391	Upload cover	output/2026-09-11/hardcover-audit/remaining-repairs/covers/last-breath-1b3a8751.jpg	2025-05-22	2025-05-22	False
Bare Bones	created audiobook	https://hardcover.app/editions/33300392/edit	https://hardcover.app/books/bare-bones-the-templar-book-3-2016/editions/33300392	Upload cover	output/2026-09-11/hardcover-audit/remaining-repairs/covers/bare-bones-90dc7624.jpg	2025-05-22	2025-05-22	False
Harsh Cry of the Heron	created audiobook	https://hardcover.app/editions/33300393/edit	https://hardcover.app/books/the-harsh-cry-of-the-heron/editions/33300393	None	output/2026-09-11/hardcover-audit/remaining-repairs/covers/harsh-cry-of-the-heron-7d75c0f0.jpg	2025-05-22	2025-05-22	False
Insurrection	created audiobook	https://hardcover.app/editions/33300394/edit	https://hardcover.app/books/insurrection-1990/editions/33300394	Upload cover	output/2026-09-11/hardcover-audit/remaining-repairs/covers/insurrection-c6c56708.jpg	2025-05-22	2025-05-22	False
Kushiel's Scion	existing audiobook	https://hardcover.app/editions/32246145/edit	https://hardcover.app/books/kushiels-scion/editions/32246145	None	output/2026-09-11/hardcover-audit/remaining-repairs/covers/kushiel-s-scion-51a9b17f.jpg	2025-05-22	2025-05-22	False
Storm Front	existing audiobook	https://hardcover.app/editions/33096715/edit	https://hardcover.app/books/storm-front/editions/33096715	None	output/2026-09-11/hardcover-audit/remaining-repairs/covers/storm-front-fd75aa1e.jpg			True
A Discovery of Witches	existing audiobook	https://hardcover.app/editions/33255906/edit	https://hardcover.app/books/a-discovery-of-witches/editions/33255906	Upload cover	output/2026-09-11/hardcover-audit/remaining-repairs/covers/a-discovery-of-witches-fb9d998e.jpg			True
Time's Convert	existing audiobook	https://hardcover.app/editions/32762455/edit	https://hardcover.app/books/times-convert/editions/32762455	None	output/2026-09-11/hardcover-audit/remaining-repairs/covers/time-s-convert-fe7cde4f.jpg			True
Blade of Tyshalle	existing audiobook	https://hardcover.app/editions/33246437/edit	https://hardcover.app/books/blade-of-tyshalle-the-second-of-the-acts-of-caine/editions/33246437	None	output/2026-09-11/hardcover-audit/remaining-repairs/covers/blade-of-tyshalle-e3b4050b.jpg			True
Caine Black Knife	existing audiobook	https://hardcover.app/editions/33246436/edit	https://hardcover.app/books/caine-black-knife-the-third-of-the-acts-of-caine-act-of-atonement-book-one/editions/33246436	None	output/2026-09-11/hardcover-audit/remaining-repairs/covers/caine-black-knife-5d2a84d3.jpg			True
Shadow of Night	existing audiobook	https://hardcover.app/editions/33255793/edit	https://hardcover.app/books/shadow-of-night/editions/33255793	Upload cover	output/2026-09-11/hardcover-audit/remaining-repairs/covers/shadow-of-night-6ecf244a.jpg			True
The Book of Life	existing audiobook	https://hardcover.app/editions/33255778/edit	https://hardcover.app/books/the-book-of-life-2014/editions/33255778	Upload cover	output/2026-09-11/hardcover-audit/remaining-repairs/covers/the-book-of-life-f46b3b71.jpg			True
Jingo	existing audiobook	https://hardcover.app/editions/31689292/edit	https://hardcover.app/books/jingo/editions/31689292	Upload cover	output/2026-09-11/hardcover-audit/remaining-repairs/covers/jingo-8c9705bb.jpg	2025-05-27	2025-05-27	False
The Truth	existing audiobook	https://hardcover.app/editions/31689304/edit	https://hardcover.app/books/the-truth-1995/editions/31689304	Upload cover	output/2026-09-11/hardcover-audit/remaining-repairs/covers/the-truth-2b362a9d.jpg	2025-05-27	2025-05-27	False
Roseland: Volume 2	created audiobook	https://hardcover.app/editions/33300395/edit	https://hardcover.app/books/roseland-volume-two/editions/33300395	Upload cover	output/2026-09-11/hardcover-audit/remaining-repairs/covers/roseland-volume-2-61a6ffcd.jpg	2025-05-27	2025-05-27	False
Roseland: Volume 3	created audiobook	https://hardcover.app/editions/33300396/edit	https://hardcover.app/books/roseland-volume-three/editions/33300396	Upload cover	output/2026-09-11/hardcover-audit/remaining-repairs/covers/roseland-volume-3-c1f27867.jpg	2025-05-27	2025-05-27	False
Reaper Man	existing audiobook	https://hardcover.app/editions/32293067/edit	https://hardcover.app/books/reaper-man/editions/32293067	None	output/2026-09-11/hardcover-audit/remaining-repairs/covers/reaper-man-24af6f4a.jpg	2025-05-27	2025-05-27	False
Night Watch	existing audiobook	https://hardcover.app/editions/33034394/edit	https://hardcover.app/books/night-watch/editions/33034394	Upload cover	output/2026-09-11/hardcover-audit/remaining-repairs/covers/night-watch-4a99c774.jpg	2025-05-27	2025-05-27	False
Hogfather	existing audiobook	https://hardcover.app/editions/31965435/edit	https://hardcover.app/books/hogfather/editions/31965435	None	output/2026-09-11/hardcover-audit/remaining-repairs/covers/hogfather-b5990d98.jpg	2025-05-27	2025-05-27	False
A Whisper of Solace	existing audiobook	https://hardcover.app/editions/32072889/edit	https://hardcover.app/books/a-whisper-of-solace-2022/editions/32072889	None	output/2026-09-11/hardcover-audit/remaining-repairs/covers/a-whisper-of-solace-b672ff20.jpg	2025-06-24	2025-06-24	False
Roseland, Volume 1	created audiobook	https://hardcover.app/editions/33300398/edit	https://hardcover.app/books/roseland-volume-one/editions/33300398	Upload cover	output/2026-09-11/hardcover-audit/remaining-repairs/covers/roseland-volume-1-8605aa4d.jpg	2025-06-27	2025-06-27	False
Forge of Destiny: Volume 2	existing audiobook	https://hardcover.app/editions/33215077/edit	https://hardcover.app/books/forge-of-destiny-volume-2/editions/33215077	None	output/2026-09-11/hardcover-audit/remaining-repairs/covers/forge-of-destiny-volume-2-6b03ec6a.jpg	2025-06-27	2025-06-27	False
Junkyard Roadhouse	existing audiobook	https://hardcover.app/editions/32326513/edit	https://hardcover.app/books/junkyard-roadhouse/editions/32326513	None	output/2026-09-11/hardcover-audit/remaining-repairs/covers/junkyard-roadhouse-ae316afe.jpg	2025-06-28	2025-06-28	False
Wild Geese	existing audiobook	https://hardcover.app/editions/32066357/edit	https://hardcover.app/books/wild-geese-2023/editions/32066357	None	output/2026-09-11/hardcover-audit/remaining-repairs/covers/wild-geese-223797c4.jpg	2025-06-27	2025-06-28	False
The Last One	created audiobook	https://hardcover.app/editions/33300399/edit	https://hardcover.app/books/the-last-one-2020/editions/33300399	Upload cover	output/2026-09-11/hardcover-audit/remaining-repairs/covers/the-last-one-7ba0691d.jpg	2025-06-29	2025-06-29	False
Port of Shadows	existing audiobook	https://hardcover.app/editions/32358288/edit	https://hardcover.app/books/port-of-shadows/editions/32358288	None	output/2026-09-11/hardcover-audit/remaining-repairs/covers/port-of-shadows-c04694e8.jpg			True
The Silver Spike	existing audiobook	https://hardcover.app/editions/32358350/edit	https://hardcover.app/books/the-silver-spike-1989/editions/32358350	None	output/2026-09-11/hardcover-audit/remaining-repairs/covers/the-silver-spike-1a27e8f2.jpg			True
Perdido Street Station	existing audiobook	https://hardcover.app/editions/31689448/edit	https://hardcover.app/books/perdido-street-station/editions/31689448	None	output/2026-09-11/hardcover-audit/remaining-repairs/covers/perdido-street-station-06eee279.jpg			True
Dead Lies Dreaming	existing audiobook	https://hardcover.app/editions/31859927/edit	https://hardcover.app/books/dead-lies-dreaming/editions/31859927	None	output/2026-09-11/hardcover-audit/remaining-repairs/covers/dead-lies-dreaming-9a1c1e57.jpg			True
Quantum of Nightmares	existing audiobook	https://hardcover.app/editions/31859169/edit	https://hardcover.app/books/quantum-of-nightmares/editions/31859169	None	output/2026-09-11/hardcover-audit/remaining-repairs/covers/quantum-of-nightmares-e02dd9cd.jpg			True
Season of Skulls	created audiobook	https://hardcover.app/editions/33300416/edit	https://hardcover.app/books/season-of-skulls/editions/33300416	Upload cover	output/2026-09-11/hardcover-audit/remaining-repairs/covers/season-of-skulls-da1e8338.jpg			True
The Assassin's Blade	existing audiobook	https://hardcover.app/editions/32808674/edit	https://hardcover.app/books/the-assassins-blade/editions/32808674	None	output/2026-09-11/hardcover-audit/remaining-repairs/covers/the-assassin-s-blade-c94acf10.jpg	2025-07-21	2025-07-21	False
City of Lust	created audiobook	https://hardcover.app/editions/33300417/edit	https://hardcover.app/books/city-of-lust/editions/33300417	Upload cover	output/2026-09-11/hardcover-audit/remaining-repairs/covers/city-of-lust-ade2d8d5.jpg	2025-07-26	2025-07-26	False
The Taste of Women	existing audiobook	https://hardcover.app/editions/32270821/edit	https://hardcover.app/books/the-taste-of-women-2023/editions/32270821	None	output/2026-09-11/hardcover-audit/remaining-repairs/covers/the-taste-of-women-59c7eb0e.jpg	2025-09-13	2025-09-14	False
Bioshifter: Volume 3	existing audiobook	https://hardcover.app/editions/32270834/edit	https://hardcover.app/books/bioshifter-volume-3/editions/32270834	None	output/2026-09-11/hardcover-audit/remaining-repairs/covers/bioshifter-volume-3-d606270f.jpg	2025-09-20	2025-09-20	False
PERfunctory afFECTION	corrected/reused identifier-matched edition	https://hardcover.app/editions/30385214/edit	https://hardcover.app/books/perfunctory-affection/editions/30385214	None	output/2026-09-11/hardcover-audit/remaining-repairs/covers/perfunctory-affection-9a25f8ca.jpg	2025-10-18	2025-10-18	False
Reclamation	created audiobook	https://hardcover.app/editions/33300418/edit	https://hardcover.app/books/reclamation-2025/editions/33300418	Upload cover	output/2026-09-11/hardcover-audit/remaining-repairs/covers/reclamation-b96dddc7.jpg	2026-01-23	2026-01-24	False
